Date,Open,High,Low,Close,Volume,tech_per_change,ML_RF,ML_LSTM,FE_window_7d,FE_window_14d,FE_window_30d,FE_window_60d,FE_window_90d,FE_window_360d
2016-04-29,2.87,2.98,2.84,2.95,,,,0.3589977622032165,,,,,,
2016-05-02,2.93,3.01,2.92,2.99,,,,0.4829177856445313,,,,,,
2016-05-03,2.99,3.0,2.94,2.95,,,,0.6386021375656128,,,,,,
2016-05-04,2.92,2.94,2.86,2.92,,,,0.8294273018836975,,,,,,
2016-05-05,2.93,2.93,2.86,2.86,,,,1.0584558248519895,,,,,,
2016-05-06,2.86,2.9,2.85,2.88,,,,1.3281863927841189,,,,,,
2016-05-09,2.86,2.89,2.86,2.87,,2.81,,1.6232997179031372,2.9171428571428573,,,,,
2016-05-10,2.88,2.89,2.86,2.87,,2.75,,1.8909032344818115,2.905714285714286,,,,,
2016-05-11,2.87,2.9,2.855,2.88,,2.79,,2.1062631607055664,2.8900000000000006,,,,,
2016-05-12,2.87,2.9,2.85,2.88,,2.84,,2.3189659118652344,2.8800000000000003,,,,,
2016-05-13,2.88,2.9,2.86,2.86,,2.9,,2.474926233291626,2.8714285714285714,,,,,
2016-05-16,2.88,2.88,2.84,2.86,,2.84,,2.604271411895752,2.8714285714285714,,,,,
2016-05-17,2.85,2.9,2.85,2.87,,2.85,,2.7146778106689453,2.8700000000000006,,,,,
2016-05-18,2.87,2.88,2.85,2.86,,2.87,,2.8040876388549805,2.8685714285714288,2.892857142857143,,,,
2016-05-19,2.86,2.96,2.85,2.93,,2.84,,2.8680999279022217,2.8771428571428572,2.891428571428571,,,,
2016-05-20,2.96,2.98,2.93,2.95,,2.9800000000000004,,2.91127347946167,2.8871428571428575,2.8885714285714283,,,,
2016-05-23,2.93,2.96,2.9,2.93,,3.0400000000000005,,2.9330945014953613,2.8942857142857146,2.8871428571428566,,,,
2016-05-24,2.94,2.99,2.88,2.99,,3.0000000000000004,,2.9516055583953857,2.912857142857143,2.892142857142857,,,,
2016-05-25,3.0,3.16,2.98,3.12,,3.1100000000000003,,2.959017038345337,2.95,2.910714285714285,,,,
2016-05-26,3.1,3.22,3.09,3.17,,3.3800000000000003,,2.9482309818267822,2.992857142857143,2.931428571428571,,,,
2016-05-27,3.13,3.18,3.09,3.11,,3.41,,2.9192795753479004,3.0285714285714285,2.948571428571428,,,,
2016-05-30,3.11,3.18,3.1,3.14,,3.27,,2.8723316192626958,3.0585714285714287,2.9678571428571425,,,,
2016-05-31,3.13,3.14,3.07,3.13,,3.35,,2.8076963424682617,3.084285714285714,2.9857142857142853,,,,
2016-06-01,3.1,3.12,3.07,3.1,,3.27,,2.73916244506836,3.108571428571429,3.0014285714285713,,,,
2016-06-02,3.12,3.12,3.05,3.05,,3.08,3.1100000000000003,2.686520576477051,3.117142857142857,3.0149999999999997,,,,
2016-06-03,3.06,3.07,3.01,3.04,,2.93,3.075,2.634276390075684,3.1057142857142854,3.0278571428571426,,,,
2016-06-06,3.03,3.1,3.02,3.03,,2.97,3.048,2.653902769088745,3.085714285714286,3.039285714285714,,,,
2016-06-07,3.05,3.07,3.03,3.06,,2.9199999999999995,3.037,2.671757936477661,3.0785714285714287,3.0535714285714284,,,,
2016-06-08,3.12,3.15,3.11,3.13,,2.99,3.05,2.684295654296875,3.077142857142857,3.067857142857143,,,,
2016-06-09,3.12,3.18,3.12,3.16,,3.16,3.099,2.691542387008667,3.0814285714285714,3.0828571428571427,2.9846666666666666,,,
2016-06-10,3.15,3.16,3.12,3.14,,3.2700000000000005,3.131,2.6935300827026367,3.087142857142857,3.097857142857143,2.9909999999999997,,,
2016-06-14,3.1,3.145,3.09,3.11,,3.24,3.133,2.6902496814727783,3.0957142857142856,3.106428571428571,2.9949999999999997,,,
2016-06-15,3.1,3.15,3.05,3.07,,3.19,3.1210000000000004,2.713641405105591,3.1,3.1028571428571428,2.9989999999999997,,,
2016-06-16,3.08,3.1,3.01,3.02,,3.08,3.0780000000000003,2.731739044189453,3.0985714285714283,3.092142857142857,3.0023333333333326,,,
2016-06-17,3.06,3.06,3.02,3.03,,2.91,3.0439999999999996,2.7546050548553467,3.0942857142857143,3.0864285714285713,3.0079999999999996,,,
2016-06-20,3.05,3.15,3.045,3.1,,2.8999999999999995,3.027,2.774497032165528,3.0900000000000003,3.0835714285714286,3.0153333333333325,,,
2016-06-21,3.12,3.17,3.11,3.12,,3.06,3.063,2.7914113998413086,3.084285714285715,3.0828571428571427,3.023666666666666,,,
2016-06-22,3.14,3.17,3.12,3.15,,3.1300000000000003,3.104,2.8053455352783203,3.085714285714286,3.086428571428571,3.0329999999999995,,,
2016-06-23,3.15,3.17,3.11,3.14,,3.23,3.1310000000000002,2.8162965774536133,3.0900000000000003,3.0928571428571425,3.041666666666666,,,
2016-06-24,3.15,3.16,3.02,3.09,,3.26,3.135,2.8242609500885014,3.092857142857143,3.0964285714285715,3.0486666666666666,,,
2016-06-27,3.06,3.1,3.01,3.09,,3.15,3.116,2.829235553741455,3.102857142857143,3.1007142857142855,3.0563333333333333,,,
2016-06-28,3.05,3.1,3.05,3.09,,3.08,3.1,2.834752559661865,3.1114285714285717,3.1028571428571428,3.064,,,
2016-06-29,3.07,3.09,3.03,3.08,,3.06,3.09,2.8388855457305913,3.108571428571428,3.0992857142857138,3.0709999999999997,,,
2016-06-30,3.08,3.1,3.04,3.09,,3.01,3.085,2.8482236862182617,3.1042857142857136,3.094285714285714,3.0786666666666664,,,
2016-07-01,3.06,3.15,3.06,3.12,,3.04,3.088,2.862553119659424,3.1,3.092857142857142,3.085,,,
2016-07-04,3.13,3.135,3.06,3.09,,3.1500000000000004,3.107,2.874906301498413,3.0928571428571425,3.0914285714285703,3.0896666666666666,,,
2016-07-05,3.1,3.12,3.08,3.1,,3.09,3.093,2.8852696418762207,3.0942857142857143,3.0935714285714275,3.095333333333333,,,
2016-07-06,3.09,3.1,3.06,3.09,,3.1100000000000003,3.095,2.89362907409668,3.0942857142857143,3.098571428571428,3.0986666666666665,,,
2016-07-07,3.08,3.1,3.06,3.06,,3.1,3.092,2.8999691009521484,3.09,3.100714285714285,3.0966666666666662,,,
2016-07-08,3.08,3.09,3.065,3.08,,3.03,3.0699999999999994,2.9042716026306152,3.0900000000000003,3.0992857142857133,3.093666666666666,,,
2016-07-11,3.09,3.1,3.06,3.08,,3.04,3.08,2.9065186977386475,3.0885714285714285,3.0964285714285706,3.0926666666666662,,,
2016-07-12,3.08,3.14,3.06,3.1,,3.0700000000000003,3.08,2.906688690185547,3.085714285714286,3.092857142857142,3.0913333333333326,,,
2016-07-13,3.12,3.305,3.12,3.16,,3.1,3.0940000000000003,2.9047598838806152,3.095714285714286,3.094285714285714,3.092333333333333,,,
2016-07-14,3.18,3.29,3.17,3.28,,3.2300000000000004,3.128,2.900707721710205,3.1214285714285714,3.107857142857142,3.098333333333333,,,
2016-07-15,3.26,3.34,3.24,3.26,,3.5,3.268,2.8959522247314453,3.1457142857142855,3.1199999999999997,3.1053333333333333,,,
2016-07-18,3.28,3.4,3.27,3.34,,3.4399999999999995,3.2580000000000005,2.891857147216797,3.185714285714286,3.1378571428571425,3.115333333333333,,,
2016-07-19,3.32,3.335,3.29,3.29,,3.6,3.326,2.8856496810913086,3.2157142857142853,3.1528571428571426,3.124,,,
2016-07-20,3.32,3.35,3.29,3.31,,3.48,3.314,2.889728784561157,3.2485714285714278,3.1685714285714286,3.1323333333333334,,,
2016-07-21,3.4,3.555,3.375,3.41,,3.46,3.3109999999999986,2.903529167175293,3.292857142857142,3.189285714285714,3.1416666666666666,,,
2016-07-22,3.41,3.45,3.4,3.41,,3.5400000000000005,3.3510000000000004,2.9162006378173833,3.328571428571428,3.212142857142857,3.15,3.0673333333333335,,
2016-07-25,3.44,3.47,3.39,3.39,,3.5600000000000005,3.403,2.9277324676513667,3.3442857142857134,3.2328571428571427,3.158333333333333,3.074666666666667,,
2016-07-26,3.4,3.45,3.37,3.4,,3.4400000000000004,3.3950000000000005,2.9379420280456543,3.364285714285713,3.2549999999999994,3.168,3.0815,,
2016-07-27,3.45,3.455,3.32,3.33,,3.51,3.4019999999999997,2.944279193878174,3.362857142857141,3.2742857142857136,3.176666666666667,3.087833333333334,,
2016-07-28,3.35,3.37,3.33,3.33,,3.35,3.343999999999999,2.9481077194213867,3.3685714285714274,3.2921428571428564,3.1870000000000003,3.094666666666668,,
2016-07-29,3.28,3.33,3.22,3.3,,3.25,3.3299999999999987,2.9506425857543945,3.367142857142856,3.307857142857142,3.196,3.102000000000001,,
2016-08-01,3.34,3.42,3.34,3.39,,3.1899999999999995,3.309,2.951887845993042,3.3642857142857134,3.328571428571428,3.205666666666667,3.110500000000001,,
2016-08-02,3.39,3.39,3.32,3.32,,3.39,3.3510000000000004,2.951845407485962,3.3514285714285705,3.3399999999999994,3.2123333333333335,3.1180000000000008,,
2016-08-03,3.3,3.33,3.225,3.25,,3.24,3.325,2.952472686767578,3.3314285714285705,3.337857142857142,3.2156666666666665,3.124333333333334,,
2016-08-04,3.3,3.32,3.26,3.29,,3.17,3.29,2.955397844314575,3.315714285714285,3.3399999999999994,3.220666666666667,3.131166666666667,,
2016-08-05,3.3,3.32,3.28,3.31,,3.25,3.289,2.957371473312378,3.3128571428571414,3.337857142857142,3.228,3.138333333333334,,
2016-08-08,3.29,3.33,3.25,3.25,,3.3200000000000003,3.3,2.9584178924560547,3.3014285714285703,3.3349999999999995,3.2333333333333334,3.1448333333333336,,
2016-08-09,3.26,3.32,3.22,3.23,,3.11,3.282,2.9585628509521484,3.2914285714285705,3.3292857142857133,3.238,3.1510000000000002,,
2016-08-10,3.22,3.24,3.17,3.17,,3.14,3.2460000000000004,2.960472822189331,3.259999999999999,3.3121428571428564,3.241,3.1559999999999997,,
2016-08-11,3.18,3.21,3.17,3.19,,3.09,3.1980000000000013,2.9661684036254883,3.2414285714285707,3.296428571428571,3.244333333333333,3.1614999999999993,,
2016-08-12,3.2,3.265,3.18,3.19,,3.09,3.1900000000000004,2.97094464302063,3.232857142857142,3.282142857142856,3.2466666666666666,3.1658333333333326,,
2016-08-15,3.2,3.26,3.19,3.23,,3.07,3.1920000000000006,2.9748101234436035,3.2242857142857138,3.269999999999999,3.251333333333333,3.170499999999999,,
2016-08-16,3.23,3.31,3.21,3.3,,3.21,3.224,2.9777727127075195,3.222857142857143,3.267857142857142,3.258,3.1766666666666663,,
2016-08-17,3.34,3.47,3.34,3.4,,3.37,3.279,2.9798429012298584,3.2442857142857138,3.272857142857142,3.268333333333333,3.1834999999999996,,
2016-08-18,3.39,3.395,3.3,3.33,,3.63,3.353,2.981029510498047,3.2585714285714285,3.274999999999999,3.277333333333333,3.1869999999999994,,
2016-08-19,3.34,3.36,3.3,3.35,,3.47,3.338,2.9813437461853027,3.2842857142857147,3.2721428571428564,3.286333333333333,3.1899999999999995,,
2016-08-22,3.29,3.34,3.18,3.26,,3.51,3.349,2.980796813964844,3.294285714285714,3.267857142857142,3.292333333333333,3.1924999999999994,,
2016-08-23,3.27,3.29,3.18,3.22,,3.29,3.2899999999999987,2.9793996810913086,3.298571428571428,3.2657142857142847,3.2963333333333336,3.1938333333333326,,
2016-08-24,3.23,3.33,3.23,3.26,,3.140000000000001,3.2489999999999997,2.9771652221679688,3.302857142857142,3.2635714285714275,3.299666666666667,3.1959999999999993,,
2016-08-25,3.24,3.28,3.19,3.2,,3.12,3.2609999999999992,2.974106311798096,3.2885714285714274,3.2557142857142845,3.297,3.1976666666666658,,
2016-08-26,3.16,3.24,3.16,3.23,,3.0700000000000003,3.239,2.970237493515014,3.2642857142857133,3.254285714285713,3.2960000000000003,3.2006666666666654,,
2016-08-29,3.23,3.23,3.13,3.14,,3.11,3.233,2.965571403503418,3.2371428571428567,3.247857142857142,3.2893333333333334,3.2023333333333324,,
2016-08-30,3.14,3.17,3.01,3.12,,3.0200000000000005,3.1640000000000006,2.9601235389709477,3.2042857142857137,3.244285714285713,3.283666666666667,3.2038333333333324,,
2016-08-31,3.1,3.14,3.08,3.11,,3.02,3.1300000000000003,2.9539103507995605,3.182857142857142,3.238571428571427,3.277,3.204666666666666,,
2016-09-01,3.08,3.11,3.07,3.09,,2.96,3.1189999999999998,2.9469470977783203,3.1642857142857137,3.23142857142857,3.2663333333333338,3.2039999999999993,,
2016-09-02,3.06,3.06,2.98,2.99,,2.9799999999999995,3.103,2.939250469207764,3.125714285714285,3.214285714285713,3.2523333333333335,3.201166666666666,3.129,
2016-09-05,3.0,3.03,2.985,3.0,,2.7500000000000004,3.0490000000000004,2.9308383464813232,3.0971428571428565,3.192857142857142,3.2393333333333336,3.198833333333333,3.1295555555555556,
2016-09-06,3.0,3.03,2.97,3.02,,2.86,3.0189999999999997,2.9217283725738525,3.0671428571428563,3.165714285714285,3.2266666666666666,3.197333333333333,3.129888888888889,
2016-09-07,2.99,3.02,2.97,3.01,,2.92,3.011,2.9119389057159424,3.048571428571428,3.1428571428571423,3.216,3.196333333333333,3.1305555555555555,
2016-09-08,3.0,3.04,2.99,3.0,,2.91,3.012,2.901489734649658,3.0314285714285707,3.1178571428571424,3.205,3.1959999999999993,3.1314444444444445,
2016-09-09,3.0,3.02,2.995,3.0,,2.91,3.0039999999999996,2.902174949645996,3.015714285714285,3.0992857142857138,3.1950000000000003,3.1954999999999996,3.1329999999999996,
2016-09-12,2.98,2.99,2.97,2.97,,3.01,3.002,2.90679669380188,2.9985714285714278,3.081428571428571,3.181,3.193333333333333,3.134,
2016-09-13,3.0,3.0,2.92,2.97,,2.9400000000000004,2.9809999999999994,2.9109623432159424,2.9957142857142847,3.0607142857142855,3.169333333333334,3.1908333333333325,3.135111111111111,
2016-09-14,2.97,2.97,2.92,2.93,,2.9200000000000004,2.974,2.9146757125854488,2.9857142857142844,3.041428571428571,3.1586666666666674,3.187166666666666,3.135777777777778,
2016-09-15,2.93,2.95,2.875,2.94,,2.8500000000000005,2.9419999999999997,2.917941808700561,2.9742857142857133,3.020714285714285,3.1470000000000002,3.183833333333333,3.136444444444445,
2016-09-16,2.96,3.01,2.955,3.01,,2.88,2.939,2.920764923095703,2.9742857142857133,3.0114285714285707,3.1370000000000005,3.182499999999999,3.137888888888889,
2016-09-19,3.05,3.08,3.05,3.07,,3.02,2.978,2.923150062561035,2.9842857142857135,3.007857142857142,3.1310000000000002,3.182166666666666,3.1402222222222225,
2016-09-20,3.08,3.17,3.08,3.14,,3.1699999999999995,3.014,2.9251022338867188,3.0042857142857136,3.0099999999999993,3.128,3.182999999999999,3.143333333333333,
2016-09-21,3.15,3.165,3.03,3.05,,3.31,3.067,2.9266266822814937,3.015714285714285,3.0071428571428567,3.124,3.1824999999999988,3.1453333333333333,
2016-09-22,3.09,3.13,3.05,3.1,,3.1699999999999995,3.039,2.9277279376983643,3.0342857142857143,3.0149999999999997,3.121,3.182666666666665,3.148,
2016-09-23,3.11,3.17,3.1,3.13,,3.26,3.0850000000000004,2.928412437438965,3.0628571428571427,3.024285714285714,3.1189999999999998,3.182833333333332,3.150222222222222,
2016-09-26,3.13,3.165,3.11,3.15,,3.25,3.1239999999999997,2.928685426712036,3.092857142857142,3.033571428571428,3.116333333333333,3.183833333333332,3.152444444444444,
2016-09-27,3.15,3.15,3.08,3.1,,3.23,3.141,2.928552627563477,3.105714285714285,3.0399999999999996,3.1096666666666666,3.183833333333332,3.154333333333333,
2016-09-28,3.09,3.17,3.09,3.15,,3.06,3.1080000000000005,2.928019762039185,3.117142857142856,3.0507142857142853,3.1013333333333333,3.184833333333332,3.1561111111111106,
2016-09-29,3.17,3.24,3.16,3.21,,3.25,3.145,2.927093505859375,3.1271428571428563,3.0657142857142854,3.097333333333333,3.1873333333333322,3.1571111111111105,
2016-09-30,3.11,3.13,3.035,3.1,,3.32,3.175,2.9257798194885254,3.1342857142857135,3.0749999999999997,3.0889999999999995,3.187666666666665,3.1563333333333325,
2016-10-03,3.14,3.17,3.13,3.16,,3.0700000000000003,3.1490000000000005,2.9240846633911133,3.142857142857142,3.088571428571428,3.085666666666666,3.1889999999999983,3.156888888888888,
2016-10-04,3.16,3.16,3.01,3.06,,3.1700000000000004,3.152,2.9220149517059326,3.1328571428571417,3.097857142857143,3.080333333333333,3.1883333333333317,3.1559999999999997,
2016-10-05,3.08,3.08,3.04,3.05,,3.02,3.074,2.9195780754089355,3.118571428571428,3.1057142857142854,3.0733333333333324,3.1864999999999983,3.1551111111111108,
2016-10-06,3.06,3.16,3.04,3.16,,2.95,3.053,2.9263324737548833,3.1271428571428563,3.1164285714285715,3.0719999999999987,3.1844999999999986,3.155777777777778,
2016-10-07,3.18,3.2,3.09,3.13,,3.1100000000000003,3.128,2.9380345344543457,3.1242857142857132,3.120714285714286,3.0686666666666653,3.182333333333332,3.1566666666666663,
2016-10-10,3.14,3.19,3.11,3.13,,3.16,3.1310000000000002,2.949467182159424,3.1128571428571417,3.1200000000000006,3.068333333333332,3.1788333333333316,3.157666666666666,
2016-10-11,3.15,3.18,3.12,3.15,,3.1,3.136,2.9606282711029053,3.1199999999999983,3.1271428571428577,3.069333333333332,3.1764999999999985,3.1589999999999994,
2016-10-12,3.14,3.14,3.09,3.12,,3.24,3.145,2.9715154170989986,3.114285714285713,3.128571428571429,3.069666666666665,3.173333333333332,3.159666666666666,
2016-10-13,3.11,3.17,3.11,3.14,,3.1900000000000004,3.1290000000000004,2.9821250438690186,3.1257142857142846,3.1292857142857144,3.071333333333332,3.168833333333332,3.159777777777777,
2016-10-14,3.14,3.15,3.07,3.07,,3.12,3.137,2.9924547672271733,3.1285714285714272,3.1235714285714287,3.0739999999999985,3.163166666666665,3.1587777777777766,
2016-10-17,3.06,3.09,3.01,3.07,,3.01,3.092,3.0025014877319336,3.1157142857142843,3.1214285714285714,3.0763333333333316,3.1578333333333317,3.157999999999999,
2016-10-18,3.06,3.07,3.015,3.02,,3.01,3.077,3.0122625827789307,3.0999999999999988,3.1121428571428575,3.0763333333333316,3.1514999999999986,3.1569999999999987,
2016-10-19,3.01,3.07,2.99,3.05,,2.89,3.03,3.0217416286468506,3.0885714285714276,3.100714285714286,3.0776666666666648,3.146833333333332,3.156777777777777,
2016-10-20,3.03,3.06,3.0,3.06,,2.9799999999999995,3.0410000000000004,3.030928134918213,3.0757142857142847,3.0978571428571433,3.079666666666665,3.142333333333332,3.1572222222222215,
2016-10-21,3.02,3.04,3.0,3.01,,2.98,3.0579999999999994,3.0398194789886475,3.0599999999999987,3.087142857142857,3.0799999999999983,3.137499999999998,3.156999999999999,
2016-10-24,3.0,3.03,2.97,3.02,,2.95,3.0329999999999986,3.048412799835205,3.0428571428571414,3.084285714285714,3.0816666666666648,3.1313333333333317,3.1561111111111098,
2016-10-25,3.02,3.07,3.02,3.04,,2.97,3.031,3.0567047595977783,3.038571428571427,3.0835714285714286,3.0839999999999983,3.126666666666665,3.1552222222222213,
2016-10-26,3.0,3.01,2.97,2.99,,3.06,3.034,3.064692258834839,3.027142857142856,3.0714285714285716,3.085999999999998,3.122333333333332,3.153444444444444,
2016-10-27,3.0,3.01,2.96,2.98,,2.9300000000000006,3.008,3.072372436523437,3.02142857142857,3.0607142857142855,3.0873333333333317,3.117166666666665,3.1516666666666664,
2016-10-28,2.97,2.98,2.92,2.94,,2.9,2.9880000000000004,3.079741954803467,3.0057142857142845,3.0471428571428563,3.084999999999998,3.1109999999999984,3.15,
2016-10-31,2.93,2.98,2.93,2.96,,2.87,2.9440000000000004,3.086797952651977,2.9914285714285707,3.033571428571428,3.0813333333333315,3.1061666666666654,3.1485555555555558,
2016-11-01,2.91,2.95,2.9,2.94,,2.9,2.95,3.093536853790283,2.981428571428571,3.020714285714285,3.0746666666666647,3.101333333333332,3.1468888888888893,
2016-11-02,2.94,2.95,2.85,2.88,,2.84,2.9420000000000006,3.0999562740325928,2.961428571428571,3.002142857142857,3.0689999999999977,3.096499999999999,3.144666666666667,
2016-11-03,2.9,2.925,2.89,2.9,,2.77,2.886,3.1063504219055176,2.941428571428571,2.9899999999999993,3.062333333333332,3.091666666666666,3.142555555555556,
2016-11-04,2.9,2.95,2.87,2.93,,2.82,2.8939999999999992,3.1145448684692383,2.932857142857142,2.9799999999999995,3.0556666666666654,3.0873333333333326,3.140444444444445,
2016-11-07,2.94,3.0,2.94,2.95,,2.9200000000000004,2.9170000000000003,3.122501850128174,2.9285714285714275,2.974999999999999,3.0489999999999986,3.082666666666666,3.1388888888888897,
2016-11-08,2.94,2.95,2.895,2.9,,2.9400000000000004,2.925,3.1302194595336914,2.9228571428571413,2.964285714285714,3.0423333333333322,3.075999999999999,3.1366666666666667,
2016-11-09,2.91,2.91,2.74,2.83,,2.86,2.909,3.137697696685791,2.904285714285713,2.947857142857142,3.0316666666666654,3.066499999999999,3.133777777777778,
2016-11-10,3.02,3.04,2.96,2.98,,2.78,2.8710000000000004,3.144935131072998,2.909999999999999,2.945714285714285,3.023999999999999,3.0606666666666653,3.1328888888888895,
2016-11-11,2.98,3.02,2.96,3.02,,3.06,2.9320000000000004,3.151930332183838,2.929999999999999,2.945714285714285,3.0213333333333323,3.0551666666666657,3.1322222222222225,
2016-11-14,3.04,3.05,2.93,2.97,,3.11,2.9650000000000003,3.1586830615997314,2.9399999999999986,2.940714285714285,3.0149999999999992,3.0503333333333327,3.1310000000000007,
2016-11-15,3.0,3.07,2.98,3.07,,2.99,2.967,3.165191650390625,2.9599999999999986,2.9464285714285703,3.015333333333332,3.0478333333333323,3.1306666666666674,
2016-11-16,3.07,3.09,2.99,3.05,,3.24,3.0010000000000003,3.171455383300781,2.9742857142857133,2.9514285714285706,3.015333333333332,3.044333333333333,3.1294444444444447,
2016-11-17,3.0,3.05,2.97,3.0,,3.27,3.008,3.177473545074463,2.988571428571428,2.955714285714285,3.009999999999999,3.0409999999999995,3.126333333333334,
2016-11-18,3.0,3.04,2.97,3.02,,3.02,3.002,3.183245658874512,3.0157142857142847,2.9599999999999995,3.006333333333332,3.0375,3.1236666666666673,
2016-11-21,3.01,3.02,2.93,2.98,,3.02,3.018,3.1887695789337163,3.0157142857142847,2.962857142857142,3.0013333333333327,3.0348333333333333,3.1196666666666677,
2016-11-22,2.95,3.04,2.95,3.03,,2.99,2.992,3.194044828414917,3.0171428571428565,2.973571428571428,2.9973333333333323,3.033333333333333,3.116777777777778,
2016-11-23,3.0,3.03,2.99,3.0,,2.99,3.019000000000001,3.199070930480957,3.021428571428571,2.980714285714285,2.9933333333333323,3.0315,3.1133333333333337,
2016-11-24,2.99,3.05,2.985,3.04,,2.95,3.01,3.203845977783203,3.0171428571428565,2.988571428571428,2.9899999999999993,3.0306666666666664,3.1092222222222228,
2016-11-25,3.05,3.09,3.04,3.08,,3.08,3.03,3.2083699703216557,3.021428571428571,2.997857142857142,2.9903333333333326,3.0321666666666665,3.1055555555555556,
2016-11-28,3.08,3.1,3.07,3.09,,3.14,3.0719999999999987,3.212641716003418,3.0342857142857134,3.0114285714285707,2.9909999999999997,3.0336666666666665,3.102222222222222,
2016-11-29,3.08,3.08,3.03,3.04,,3.2,3.08,3.216659545898437,3.0371428571428565,3.026428571428571,2.9916666666666667,3.0339999999999994,3.0982222222222227,
2016-11-30,3.19,3.19,3.07,3.13,,3.0500000000000003,3.0449999999999995,3.220423460006714,3.0585714285714274,3.037142857142857,2.994333333333333,3.0359999999999996,3.0960000000000005,
2016-12-01,3.16,3.17,3.06,3.08,,3.26,3.0939999999999994,3.2239325046539307,3.065714285714285,3.041428571428571,2.9949999999999997,3.037333333333333,3.0932222222222228,
2016-12-02,3.07,3.15,3.07,3.13,,3.12,3.0859999999999994,3.2271850109100337,3.084285714285713,3.0528571428571425,2.9989999999999997,3.0394999999999994,3.0913333333333335,
2016-12-05,3.05,3.1,3.04,3.06,,3.18,3.115,3.230180263519287,3.087142857142856,3.052142857142857,3.000333333333333,3.0409999999999995,3.0876666666666672,
2016-12-06,3.07,3.08,3.01,3.02,,3.03,3.09,3.2329177856445312,3.078571428571427,3.0500000000000003,2.999666666666666,3.0418333333333334,3.084333333333334,
2016-12-07,3.05,3.05,2.97,3.01,,3.0,3.0529999999999995,3.23539662361145,3.0671428571428554,3.0507142857142857,3.000333333333333,3.043166666666666,3.081666666666667,
2016-12-08,3.06,3.11,3.01,3.08,,2.89,3.035,3.2376155853271484,3.0728571428571416,3.0549999999999997,3.0036666666666663,3.0454999999999997,3.079333333333333,
2016-12-09,3.08,3.17,3.06,3.14,,3.08,3.0779999999999994,3.2395739555358887,3.0742857142857134,3.0664285714285713,3.010333333333333,3.0476666666666663,3.077444444444444,
2016-12-12,3.12,3.15,3.1,3.11,,3.1500000000000004,3.122,3.2412710189819336,3.078571428571427,3.072142857142857,3.015333333333333,3.0483333333333333,3.0758888888888887,
2016-12-13,3.11,3.16,3.1,3.13,,3.16,3.107,3.2427048683166504,3.078571428571427,3.0814285714285714,3.0216666666666665,3.048166666666667,3.0747777777777774,
2016-12-14,3.17,3.18,3.125,3.15,,3.24,3.11,3.2438755035400386,3.09142857142857,3.0892857142857144,3.030666666666667,3.0498333333333334,3.0745555555555546,
2016-12-15,3.19,3.19,3.095,3.16,,3.29,3.1459999999999995,3.244781970977783,3.11142857142857,3.0949999999999998,3.039333333333333,3.0508333333333337,3.0742222222222217,
2016-12-16,3.19,3.19,3.11,3.13,,3.24,3.156,3.2454237937927246,3.1285714285714272,3.0978571428571433,3.0459999999999994,3.0508333333333337,3.073555555555555,
2016-12-19,3.18,3.18,3.11,3.13,,3.12,3.1319999999999992,3.2457990646362305,3.135714285714284,3.104285714285715,3.051999999999999,3.0505,3.0724444444444434,
2016-12-20,3.17,3.17,3.11,3.12,,3.15,3.1319999999999992,3.2459077835083012,3.1328571428571412,3.1035714285714286,3.0593333333333326,3.0508333333333337,3.0704444444444436,
2016-12-21,3.12,3.17,3.12,3.14,,3.1100000000000003,3.128,3.245748281478882,3.1371428571428557,3.107857142857143,3.0696666666666657,3.0506666666666664,3.067555555555555,
2016-12-22,3.12,3.14,3.1,3.1,,3.1300000000000003,3.135,3.2453203201293945,3.1328571428571417,3.105714285714286,3.0736666666666657,3.048833333333333,3.0649999999999995,
2016-12-23,3.12,3.13,3.1,3.11,,3.04,3.1130000000000004,3.244622707366944,3.1271428571428563,3.1092857142857144,3.0766666666666658,3.049,3.0623333333333327,
2016-12-28,3.15,3.17,3.135,3.16,,3.09,3.1089999999999995,3.243654727935791,3.1271428571428563,3.1192857142857138,3.082999999999999,3.049,3.0612222222222223,
2016-12-29,3.18,3.23,3.16,3.2,,3.1900000000000004,3.134,3.2424161434173584,3.137142857142856,3.132857142857143,3.0873333333333326,3.051333333333333,3.0609999999999995,
2016-12-30,3.22,3.22,3.18,3.2,,3.28,3.181,3.2409048080444336,3.1471428571428564,3.141428571428572,3.092333333333333,3.0538333333333325,3.060333333333333,
2017-01-03,3.25,3.26,3.22,3.26,,3.26,3.1910000000000003,3.239120483398437,3.167142857142856,3.15,3.1009999999999995,3.0554999999999994,3.0609999999999995,
2017-01-04,3.3,3.3,3.22,3.24,,3.4199999999999995,3.236,3.237062931060791,3.1814285714285697,3.1592857142857147,3.108333333333333,3.057333333333333,3.0611111111111104,
2017-01-05,3.27,3.27,3.2,3.22,,3.370000000000001,3.2419999999999995,3.2347302436828613,3.1985714285714266,3.165714285714286,3.1163333333333325,3.058833333333333,3.062,
2017-01-06,3.21,3.25,3.21,3.22,,3.28,3.224,3.2321221828460693,3.214285714285712,3.170714285714286,3.122666666666666,3.0599999999999996,3.063111111111111,
2017-01-09,3.22,3.22,3.13,3.14,,3.24,3.224,3.2292375564575195,3.2114285714285695,3.1692857142857145,3.1273333333333326,3.0603333333333325,3.0634444444444444,
2017-01-10,3.1,3.11,3.06,3.08,,3.08,3.188,3.226076602935791,3.1942857142857126,3.165714285714286,3.128666666666666,3.059333333333333,3.063333333333333,
2017-01-11,3.13,3.13,3.06,3.06,,2.9000000000000004,3.0999999999999988,3.2226366996765137,3.1742857142857126,3.1607142857142856,3.1279999999999992,3.0591666666666666,3.064111111111111,
2017-01-12,3.09,3.09,3.03,3.04,,2.88,3.076,3.218918800354004,3.142857142857141,3.1550000000000002,3.1263333333333327,3.0586666666666664,3.0645555555555557,
2017-01-13,3.05,3.06,3.01,3.04,,2.86,3.0580000000000003,3.214920997619629,3.1142857142857117,3.1478571428571427,3.1263333333333327,3.0589999999999993,3.064777777777778,
2017-01-16,3.05,3.07,3.01,3.02,,2.86,3.0439999999999996,3.2106428146362305,3.085714285714283,3.1421428571428573,3.122666666666666,3.0584999999999996,3.0648888888888894,
2017-01-17,3.0,3.03,2.98,2.99,,2.9,3.034,3.2060832977294917,3.0528571428571403,3.133571428571429,3.119666666666666,3.057333333333333,3.064777777777778,
2017-01-18,2.96,2.98,2.9,2.91,,2.9000000000000004,3.0010000000000003,3.2012419700622563,3.0199999999999974,3.115714285714286,3.1123333333333325,3.0556666666666663,3.0637777777777786,
2017-01-19,2.93,2.99,2.93,2.97,,2.76,2.9610000000000007,3.196117877960205,3.0042857142857113,3.099285714285714,3.1093333333333324,3.054833333333333,3.0637777777777786,
2017-01-20,2.94,2.96,2.91,2.92,,2.9000000000000004,2.9679999999999995,3.190709590911865,2.9842857142857118,3.079285714285714,3.1059999999999994,3.0528333333333326,3.063222222222223,
2017-01-23,3.0,3.0,2.86,2.87,,2.8,2.944,3.1850171089172363,2.9599999999999977,3.051428571428571,3.1013333333333324,3.0508333333333324,3.062555555555556,
2017-01-24,2.86,2.93,2.85,2.93,,2.72,2.902,3.179062843322754,2.944285714285712,3.029285714285714,3.096333333333333,3.0499999999999994,3.062444444444445,
2017-01-25,2.98,2.98,2.89,2.91,,2.87,2.9200000000000004,3.1729831695556636,2.9285714285714266,3.0071428571428567,3.0886666666666662,3.0494999999999997,3.0613333333333346,
2017-01-27,2.9,2.96,2.89,2.95,,2.91,2.9090000000000003,3.166623830795288,2.922857142857141,2.9878571428571425,3.083333333333333,3.0493333333333323,3.060000000000001,
2017-01-30,2.92,2.93,2.885,2.9,,2.93,2.9360000000000004,3.1599831581115723,2.9214285714285695,2.9707142857142856,3.0756666666666663,3.048666666666666,3.057333333333334,
2017-01-31,2.88,2.91,2.87,2.9,,2.88,2.915,3.1530606746673584,2.9114285714285693,2.9578571428571427,3.067333333333333,3.0489999999999995,3.055666666666667,
2017-02-01,2.87,2.91,2.83,2.87,,2.93,2.905,3.1458559036254883,2.904285714285712,2.9442857142857135,3.057666666666667,3.0484999999999993,3.0531111111111113,
2017-02-02,2.85,2.89,2.84,2.87,,2.81,2.887,3.1383676528930664,2.904285714285712,2.9321428571428565,3.0490000000000004,3.0474999999999994,3.0502222222222226,
2017-02-03,2.88,2.89,2.76,2.76,,2.83,2.87,3.1305956840515137,2.8799999999999977,2.9121428571428565,3.0366666666666675,3.044333333333333,3.0458888888888893,
2017-02-06,2.81,2.82,2.71,2.74,,2.5699999999999994,2.826,3.1225390434265137,2.8557142857142837,2.8921428571428565,3.0240000000000005,3.041666666666666,3.0418888888888893,
2017-02-07,2.72,2.77,2.695,2.73,,2.5800000000000005,2.7830000000000004,3.114197254180908,2.824285714285712,2.8735714285714273,3.010333333333334,3.039999999999999,3.037222222222223,
2017-02-08,2.73,2.77,2.71,2.74,,2.56,2.7360000000000007,3.1055684089660645,2.8014285714285694,2.8614285714285708,2.998333333333334,3.0359999999999996,3.0320000000000014,
2017-02-09,2.75,2.76,2.72,2.75,,2.6100000000000003,2.7380000000000004,3.096653461456299,2.779999999999998,2.8457142857142848,2.986333333333334,3.0314999999999994,3.028111111111112,
2017-02-10,2.73,2.78,2.73,2.77,,2.63,2.7460000000000004,3.0874509811401367,2.765714285714284,2.8349999999999995,2.973333333333334,3.028166666666666,3.023777777777778,
2017-02-13,2.75,2.78,2.75,2.76,,2.78,2.758,3.0779607295989986,2.7499999999999973,2.8271428571428565,2.9586666666666672,3.0229999999999992,3.0204444444444447,
2017-02-14,2.77,2.77,2.68,2.72,,2.78,2.76,3.068180799484253,2.7442857142857116,2.8121428571428564,2.942666666666667,3.017499999999999,3.0167777777777784,
2017-02-15,2.75,2.75,2.71,2.73,,2.7100000000000004,2.7439999999999998,3.0581116676330566,2.74285714285714,2.799285714285713,2.9250000000000003,3.012999999999999,3.0120000000000005,
2017-02-16,2.73,2.75,2.72,2.73,,2.72,2.7380000000000004,3.0477523803710938,2.74285714285714,2.783571428571427,2.908000000000001,3.0081666666666655,3.007555555555556,
2017-02-17,2.72,2.77,2.72,2.74,,2.71,2.73,3.0371017456054688,2.74285714285714,2.772142857142856,2.892000000000001,3.0041666666666655,3.003222222222223,
2017-02-20,2.77,2.78,2.72,2.77,,2.7100000000000004,2.736000000000001,3.0261595249176025,2.745714285714283,2.762857142857142,2.8770000000000007,2.9998333333333327,2.999000000000001,
2017-02-21,2.84,2.84,2.77,2.82,,2.78,2.76,3.014925241470337,2.7528571428571404,2.7592857142857135,2.866333333333334,2.9968333333333326,2.9956666666666676,
2017-02-22,2.85,2.87,2.795,2.83,,2.9199999999999995,2.7969999999999997,3.0033979415893555,2.7628571428571402,2.756428571428571,2.858,2.9933333333333327,2.992222222222223,
2017-02-23,2.98,2.98,2.76,2.84,,2.93,2.814,2.9915769100189213,2.7799999999999976,2.7621428571428566,2.850666666666667,2.9893333333333327,2.9896666666666674,
2017-02-24,2.85,2.88,2.8,2.82,,2.95,2.832,2.9794614315032963,2.7928571428571405,2.7678571428571423,2.8433333333333333,2.9848333333333326,2.9868888888888896,
2017-02-27,2.81,2.82,2.74,2.8,,2.8999999999999995,2.819,2.9670512676239014,2.8028571428571403,2.7728571428571422,2.835333333333333,2.9808333333333326,2.984444444444445,
2017-02-28,2.89,2.89,2.79,2.79,,2.83,2.801,2.960341453552246,2.8099999999999974,2.776428571428571,2.8276666666666666,2.975166666666666,2.9815555555555564,
2017-03-01,2.82,2.82,2.75,2.81,,2.76,2.7969999999999997,2.9618630409240723,2.8157142857142827,2.7807142857142852,2.8216666666666668,2.970666666666666,2.9787777777777786,
2017-03-02,2.84,2.84,2.8,2.82,,2.79,2.8069999999999995,2.9640278816223145,2.8157142857142827,2.7842857142857134,2.8186666666666667,2.965499999999999,2.9766666666666675,
2017-03-03,2.83,2.84,2.81,2.83,,2.8,2.818,2.96614933013916,2.8157142857142827,2.7892857142857137,2.814,2.961666666666666,2.9745555555555567,
2017-03-06,2.81,2.85,2.8,2.82,,2.8400000000000003,2.8279999999999994,2.9681646823883057,2.81285714285714,2.796428571428571,2.8106666666666666,2.9583333333333326,2.972111111111112,
2017-03-07,2.8,2.85,2.8,2.83,,2.84,2.822,2.9700732231140137,2.814285714285712,2.803571428571428,2.809333333333333,2.955333333333333,2.970333333333334,
2017-03-08,2.83,2.88,2.81,2.87,,2.87,2.83,2.97187614440918,2.8242857142857116,2.813571428571428,2.807333333333333,2.9518333333333326,2.9691111111111113,
2017-03-09,2.87,2.89,2.83,2.87,,2.93,2.846,2.9735727310180664,2.835714285714283,2.822857142857142,2.8059999999999996,2.947333333333333,2.9683333333333337,
2017-03-10,2.94,2.94,2.86,2.9,,2.9200000000000004,2.8660000000000005,2.9751639366149902,2.848571428571426,2.832142857142856,2.804333333333333,2.9438333333333326,2.967666666666667,
2017-03-13,2.91,2.92,2.87,2.9,,2.97,2.8939999999999992,2.976649284362793,2.859999999999997,2.8378571428571417,2.804333333333333,2.9399999999999995,2.9672222222222224,
2017-03-14,2.91,2.93,2.88,2.93,,2.98,2.8999999999999995,2.9780287742614746,2.874285714285712,2.844999999999999,2.805333333333333,2.936333333333333,2.967777777777778,
2017-03-15,2.91,2.95,2.9,2.93,,3.03,2.912,2.981825351715088,2.8899999999999975,2.8514285714285705,2.8073333333333332,2.9324999999999997,2.968111111111112,
2017-03-16,2.92,2.93,2.89,2.92,,2.99,2.927,2.985865592956543,2.902857142857141,2.8585714285714277,2.8089999999999997,2.929,2.968000000000001,
2017-03-17,2.93,2.93,2.845,2.88,,2.97,2.9240000000000004,2.989851951599121,2.904285714285712,2.864285714285714,2.8129999999999997,2.924833333333333,2.967222222222223,
2017-03-20,2.82,2.87,2.82,2.85,,2.86,2.903,2.9937853813171387,2.901428571428569,2.8685714285714283,2.816666666666666,2.920333333333333,2.966666666666668,
2017-03-21,2.82,2.85,2.82,2.84,,2.8000000000000003,2.8810000000000002,2.997666835784912,2.892857142857141,2.8707142857142856,2.8203333333333327,2.9153333333333333,2.966777777777779,
2017-03-22,2.87,2.9,2.78,2.83,,2.75,2.8549999999999995,3.0014972686767583,2.882857142857141,2.871428571428571,2.823333333333333,2.9108333333333336,2.9651111111111117,
2017-03-23,2.84,2.87,2.82,2.87,,2.73,2.846,3.00527572631836,2.8742857142857123,2.874285714285714,2.8273333333333333,2.906833333333333,2.9634444444444457,
2017-03-24,2.92,2.92,2.84,2.86,,2.8200000000000003,2.8550000000000004,3.0090043544769287,2.8642857142857125,2.877142857142857,2.8303333333333334,2.9018333333333337,2.962222222222223,
2017-03-27,2.84,2.87,2.83,2.86,,2.84,2.8569999999999998,3.012683391571045,2.855714285714284,2.879285714285714,2.8336666666666663,2.8961666666666672,2.95988888888889,
2017-03-28,2.88,2.9,2.86,2.9,,2.87,2.86,3.0163135528564453,2.8585714285714268,2.8814285714285712,2.8396666666666666,2.8911666666666678,2.958222222222223,
2017-03-29,2.9,2.96,2.9,2.94,,2.96,2.8919999999999995,3.019895076751709,2.8714285714285697,2.886428571428571,2.8466666666666662,2.8858333333333346,2.9575555555555564,
2017-03-30,2.96,2.96,2.9,2.91,,3.05,2.9080000000000004,3.0234284400939937,2.8814285714285695,2.8871428571428566,2.852666666666666,2.880333333333334,2.9563333333333346,
2017-03-31,2.91,2.92,2.86,2.88,,2.95,2.91,3.0269153118133545,2.8885714285714266,2.8857142857142857,2.8573333333333326,2.8746666666666676,2.9552222222222233,
2017-04-03,2.84,2.9,2.84,2.88,,2.9,2.8859999999999992,3.0303559303283687,2.8899999999999975,2.882142857142857,2.8609999999999993,2.8690000000000007,2.953555555555557,
2017-04-04,2.85,2.88,2.84,2.85,,2.9,2.88,3.0337505340576167,2.8885714285714266,2.876428571428572,2.8619999999999997,2.8641666666666676,2.9518888888888903,
2017-04-05,2.85,2.88,2.83,2.85,,2.8000000000000003,2.8680000000000003,3.037100076675415,2.8871428571428552,2.8714285714285714,2.8626666666666662,2.860333333333334,2.949777777777779,
2017-04-06,2.86,2.88,2.83,2.87,,2.76,2.859,3.0404050350189213,2.8828571428571412,2.8707142857142856,2.863666666666666,2.857166666666667,2.947444444444446,
2017-04-07,2.9,3.0,2.88,3.0,,2.83,2.8660000000000005,3.043666362762451,2.8914285714285697,2.8814285714285712,2.8696666666666664,2.856500000000001,2.946444444444446,
2017-04-10,3.0,3.01,2.93,2.94,,3.12,2.9739999999999998,3.0468850135803223,2.895714285714284,2.8885714285714283,2.874333333333333,2.854833333333334,2.945333333333335,
2017-04-11,2.93,3.02,2.93,2.95,,3.0,2.9390000000000005,3.0500617027282715,2.9057142857142844,2.8971428571428572,2.879666666666666,2.8536666666666672,2.943333333333335,
2017-04-12,3.0,3.0,2.94,2.94,,3.0500000000000003,2.948,3.053196430206299,2.9142857142857133,2.902142857142857,2.8839999999999995,2.8528333333333338,2.9417777777777796,
2017-04-13,2.93,2.94,2.89,2.91,,3.03,2.945,3.0562896728515625,2.9228571428571413,2.905714285714286,2.8869999999999996,2.8528333333333338,2.9393333333333356,
2017-04-18,2.91,2.94,2.89,2.93,,2.95,2.934,3.059343814849853,2.934285714285713,2.910714285714286,2.890333333333333,2.852166666666667,2.937888888888891,
2017-04-19,2.89,2.98,2.89,2.97,,2.8600000000000003,2.9330000000000003,3.0623586177825928,2.9485714285714266,2.9157142857142864,2.8953333333333333,2.8530000000000006,2.937333333333336,
2017-04-20,2.98,2.99,2.95,2.96,,3.0000000000000004,2.9560000000000004,3.0689823627471924,2.942857142857141,2.9171428571428577,2.8996666666666666,2.8545000000000007,2.93677777777778,
2017-04-21,2.99,2.995,2.96,2.99,,2.97,2.9580000000000006,3.075579166412353,2.9499999999999984,2.922857142857144,2.903666666666666,2.8555000000000006,2.9357777777777807,
2017-04-24,3.0,3.06,2.99,3.03,,3.0400000000000005,2.9750000000000005,3.082127809524536,2.96142857142857,2.9335714285714296,2.9089999999999994,2.857500000000001,2.934555555555558,
2017-04-26,3.07,3.07,3.005,3.02,,3.1499999999999995,3.023000000000001,3.08862829208374,2.972857142857141,2.94357142857143,2.912999999999999,2.8586666666666676,2.9335555555555577,
2017-04-27,3.04,3.09,3.01,3.07,,3.11,3.019,3.0950810909271236,2.995714285714284,2.9592857142857154,2.9186666666666654,2.861500000000001,2.932888888888891,
2017-04-28,3.04,3.07,3.03,3.05,,3.1699999999999995,3.051,3.101485252380371,3.012857142857141,2.973571428571429,2.922666666666665,2.864000000000001,2.9317777777777803,
2017-05-01,3.0,3.09,3.0,3.08,,3.14,3.051,3.1078410148620605,3.028571428571427,2.9885714285714293,2.927666666666665,2.867500000000001,2.9308888888888913,
2017-05-02,3.09,3.1,3.06,3.08,,3.17,3.071,3.1141490936279297,3.0457142857142836,2.994285714285715,2.932999999999998,2.8710000000000013,2.9303333333333352,
2017-05-03,3.09,3.13,3.07,3.08,,3.1300000000000003,3.08,3.1204075813293457,3.058571428571426,3.004285714285715,2.939666666666665,2.876333333333335,2.9297777777777796,
2017-05-04,3.11,3.13,3.08,3.09,,3.14,3.08,3.126617431640625,3.0671428571428545,3.0142857142857147,2.947666666666665,2.8821666666666683,2.9294444444444463,
2017-05-05,3.05,3.11,3.05,3.09,,3.11,3.085,3.1327784061431885,3.0771428571428543,3.025000000000001,2.955999999999998,2.8881666666666685,2.92888888888889,
2017-05-08,3.14,3.17,3.125,3.14,,3.13,3.09,3.138889789581299,3.0871428571428545,3.0414285714285723,2.9663333333333317,2.894833333333335,2.9293333333333345,
2017-05-09,3.16,3.21,3.13,3.21,,3.2,3.1250000000000004,3.144952774047852,3.109999999999997,3.0614285714285723,2.9776666666666647,2.9025000000000016,2.9304444444444453,
2017-05-10,3.21,3.26,3.18,3.18,,3.34,3.1700000000000004,3.150966167449951,3.124285714285712,3.0764285714285724,2.9883333333333315,2.909333333333335,2.930666666666667,
2017-05-11,3.2,3.22,3.18,3.22,,3.28,3.185,3.1569294929504395,3.144285714285712,3.095000000000001,3.0003333333333315,2.9170000000000016,2.93088888888889,
2017-05-12,3.2,3.24,3.2,3.2,,3.3500000000000005,3.2019999999999995,3.1628437042236333,3.161428571428569,3.1100000000000008,3.0103333333333313,2.9250000000000016,2.93088888888889,
2017-05-15,3.22,3.28,3.21,3.27,,3.3100000000000005,3.195,3.168708086013794,3.1871428571428546,3.127142857142858,3.0213333333333314,2.934000000000002,2.931000000000001,
2017-05-16,3.3,3.39,3.3,3.32,,3.4,3.261,3.1745216846466064,3.2199999999999975,3.1485714285714295,3.034999999999998,2.9438333333333353,2.9318888888888894,
2017-05-17,3.29,3.36,3.28,3.34,,3.43,3.31,3.1802854537963867,3.248571428571426,3.167857142857144,3.050333333333332,2.953833333333335,2.933222222222222,
2017-05-18,3.28,3.32,3.25,3.31,,3.5,3.325,3.185999870300293,3.26285714285714,3.1864285714285727,3.0646666666666653,2.962833333333335,2.934222222222222,
2017-05-19,3.35,3.38,3.31,3.34,,3.4,3.3139999999999987,3.1916627883911133,3.2857142857142825,3.2050000000000014,3.0809999999999986,2.9715000000000016,2.936444444444444,
2017-05-22,3.34,3.385,3.34,3.37,,3.4799999999999995,3.333,3.197275400161743,3.3071428571428543,3.225714285714287,3.0983333333333323,2.9805000000000015,2.9396666666666667,
2017-05-23,3.39,3.42,3.35,3.37,,3.47,3.35,3.2028374671936035,3.3314285714285687,3.2464285714285728,3.1149999999999993,2.989333333333335,2.943111111111111,
2017-05-24,3.44,3.44,3.37,3.4,,3.4200000000000004,3.362,3.208348035812378,3.3499999999999974,3.26857142857143,3.1283333333333325,2.999000000000002,2.9471111111111106,
2017-05-25,3.43,3.44,3.375,3.39,,3.46,3.391,3.213808536529541,3.359999999999997,3.2900000000000014,3.1433333333333326,3.008833333333335,2.950999999999999,
2017-05-26,3.39,3.4,3.34,3.35,,3.47,3.39,3.2192173004150386,3.361428571428569,3.305000000000001,3.156666666666666,3.018166666666668,2.9546666666666663,
2017-05-29,3.36,3.37,3.32,3.33,,3.3600000000000003,3.3650000000000007,3.2245750427246094,3.3642857142857125,3.3135714285714295,3.1696666666666657,3.026833333333335,2.9584444444444435,
2017-05-30,3.33,3.33,3.26,3.27,,3.29,3.3480000000000003,3.2298812866210938,3.3542857142857123,3.320000000000001,3.1816666666666658,3.0343333333333353,2.962444444444443,
2017-05-31,3.28,3.32,3.27,3.3,,3.17,3.306,3.2351362705230717,3.344285714285712,3.325714285714287,3.1939999999999986,3.0421666666666685,2.96611111111111,
2017-06-01,3.3,3.33,3.29,3.32,,3.2,3.3050000000000006,3.2403388023376465,3.337142857142855,3.3342857142857154,3.2056666666666653,3.0505000000000018,2.970555555555554,
2017-06-02,3.31,3.39,3.31,3.38,,3.25,3.314,3.2454895973205566,3.3342857142857123,3.342142857142858,3.2196666666666656,3.059666666666668,2.9762222222222205,
2017-06-05,3.39,3.43,3.38,3.43,,3.41,3.3629999999999995,3.2505888938903813,3.3399999999999976,3.350000000000001,3.2343333333333324,3.0690000000000017,2.981777777777776,
2017-06-06,3.41,3.42,3.39,3.39,,3.53,3.415,3.255635023117065,3.3457142857142834,3.35357142857143,3.2463333333333324,3.077666666666668,2.987111111111109,
2017-06-07,3.38,3.44,3.37,3.39,,3.51,3.393,3.260629892349243,3.354285714285712,3.3592857142857153,3.2586666666666657,3.0858333333333343,2.9919999999999978,
2017-06-08,3.41,3.49,3.41,3.46,,3.4800000000000004,3.393,3.265571594238281,3.381428571428569,3.367857142857144,3.271666666666666,3.095166666666668,2.99822222222222,
2017-06-09,3.43,3.56,3.41,3.55,,3.6,3.4530000000000003,3.270460605621338,3.417142857142855,3.380714285714287,3.2883333333333327,3.105500000000001,3.005444444444443,
2017-06-13,3.55,3.67,3.54,3.59,,3.72,3.514,3.2752974033355717,3.4557142857142833,3.3964285714285727,3.3053333333333326,3.116500000000001,3.0134444444444424,
2017-06-14,3.6,3.69,3.6,3.68,,3.75,3.552,3.2800807952880864,3.4985714285714264,3.4164285714285727,3.325333333333333,3.129166666666668,3.0224444444444423,
2017-06-15,3.72,3.73,3.63,3.63,,3.97,3.667,3.2848110198974614,3.527142857142855,3.43357142857143,3.343666666666666,3.141666666666668,3.032111111111109,
2017-06-16,3.53,3.53,3.44,3.49,,3.87,3.642,3.2894887924194336,3.541428571428569,3.4435714285714303,3.3569999999999993,3.152333333333335,3.0404444444444425,
2017-06-19,3.51,3.55,3.5,3.54,,3.5200000000000005,3.571,3.294111967086792,3.5628571428571405,3.4585714285714304,3.3719999999999994,3.1640000000000015,3.0494444444444424,
2017-06-20,3.52,3.55,3.48,3.48,,3.53,3.554,3.298682451248169,3.565714285714283,3.4735714285714296,3.383333333333333,3.1748333333333343,3.0576666666666648,
2017-06-21,3.41,3.47,3.38,3.39,,3.37,3.5130000000000003,3.303199291229248,3.5428571428571405,3.4800000000000013,3.389333333333333,3.183500000000001,3.064777777777776,
2017-06-22,3.37,3.45,3.37,3.42,,3.1,3.4620000000000006,3.307661771774292,3.5185714285714265,3.487142857142859,3.397333333333333,3.1928333333333336,3.0719999999999983,
2017-06-23,3.48,3.48,3.4,3.41,,3.21,3.4140000000000006,3.3120708465576167,3.4799999999999978,3.489285714285715,3.403666666666666,3.202,3.0792222222222208,
2017-06-26,3.47,3.49,3.38,3.42,,3.33,3.411,3.316425323486328,3.4499999999999984,3.4885714285714298,3.4109999999999996,3.2106666666666666,3.0869999999999984,
2017-06-27,3.4,3.42,3.4,3.41,,3.3,3.4150000000000005,3.320725679397583,3.4385714285714264,3.490000000000001,3.415666666666666,3.2184999999999997,3.094555555555554,
2017-06-28,3.41,3.45,3.4,3.41,,3.3400000000000003,3.4120000000000004,3.3249716758728027,3.419999999999998,3.491428571428572,3.4186666666666663,3.226833333333333,3.10211111111111,
2017-06-29,3.4,3.44,3.395,3.43,,3.43,3.41,3.3291628360748287,3.412857142857141,3.4892857142857148,3.4216666666666664,3.2359999999999998,3.1097777777777766,
2017-06-30,3.39,3.46,3.34,3.34,,3.4400000000000004,3.4230000000000005,3.333299398422241,3.4057142857142835,3.4742857142857155,3.4226666666666663,3.243666666666667,3.1161111111111097,
2017-07-03,3.33,3.35,3.29,3.29,,3.27,3.3549999999999995,3.3373813629150386,3.3871428571428552,3.452857142857144,3.421,3.251,3.1213333333333324,
2017-07-04,3.36,3.39,3.35,3.39,,3.16,3.312,3.3414075374603267,3.3842857142857126,3.4321428571428583,3.4216666666666664,3.26,3.1275555555555545,
2017-07-05,3.36,3.39,3.34,3.34,,3.37,3.3650000000000007,3.3453791141510014,3.3728571428571406,3.4114285714285724,3.4206666666666665,3.2678333333333334,3.13311111111111,
2017-07-06,3.32,3.35,3.3,3.32,,3.27,3.34,3.3492953777313232,3.359999999999998,3.399285714285715,3.4179999999999993,3.2731666666666666,3.1386666666666656,
2017-07-07,3.27,3.31,3.26,3.3,,3.2099999999999995,3.33,3.353156089782715,3.344285714285712,3.3821428571428576,3.414999999999999,3.279166666666667,3.144222222222221,
2017-07-10,3.32,3.36,3.28,3.28,,3.26,3.31,3.3569607734680176,3.322857142857141,3.3678571428571438,3.412666666666666,3.284666666666667,3.1496666666666653,
2017-07-11,3.26,3.36,3.26,3.35,,3.27,3.282,3.3607101440429688,3.3242857142857125,3.365000000000001,3.4133333333333327,3.2915,3.1556666666666655,
2017-07-12,3.35,3.38,3.35,3.36,,3.31,3.3360000000000007,3.36440372467041,3.3342857142857127,3.3607142857142867,3.4163333333333328,3.2990000000000004,3.1616666666666657,
2017-07-13,3.38,3.4,3.36,3.36,,3.38,3.341,3.3680403232574463,3.3299999999999983,3.357142857142858,3.4183333333333326,3.3061666666666674,3.1675555555555546,
2017-07-14,3.4,3.41,3.36,3.37,,3.4,3.35,3.3716216087341313,3.3342857142857127,3.353571428571429,3.42,3.312833333333334,3.173666666666666,
2017-07-17,3.34,3.365,3.31,3.35,,3.4400000000000004,3.3640000000000008,3.3751463890075684,3.338571428571427,3.3492857142857155,3.4189999999999996,3.3193333333333337,3.179444444444444,
2017-07-18,3.33,3.35,3.3,3.3,,3.4200000000000004,3.3510000000000004,3.3786134719848637,3.338571428571427,3.3414285714285725,3.4146666666666663,3.3245000000000005,3.184222222222222,
2017-07-19,3.28,3.29,3.22,3.25,,3.25,3.321,3.3820250034332275,3.3342857142857127,3.3285714285714296,3.4099999999999993,3.328166666666667,3.1884444444444444,
2017-07-20,3.28,3.3,3.26,3.26,,3.14,3.265,3.3853795528411865,3.3214285714285694,3.3228571428571434,3.4056666666666664,3.3321666666666667,3.1924444444444444,
2017-07-21,3.25,3.34,3.25,3.32,,3.16,3.266,3.38867712020874,3.3157142857142836,3.3250000000000006,3.4009999999999994,3.3363333333333336,3.197111111111111,
2017-07-24,3.28,3.32,3.27,3.32,,3.27,3.318,3.391916990280152,3.3099999999999983,3.3200000000000007,3.3933333333333326,3.3408333333333333,3.2014444444444443,
2017-07-25,3.37,3.42,3.34,3.41,,3.29,3.3199999999999994,3.395099639892578,3.3157142857142836,3.3250000000000006,3.3873333333333324,3.346333333333333,3.206777777777778,
2017-07-26,3.42,3.51,3.39,3.41,,3.5200000000000005,3.3650000000000007,3.3982250690460205,3.324285714285712,3.331428571428572,3.378333333333332,3.3518333333333326,3.2122222222222225,
2017-07-27,3.41,3.46,3.39,3.41,,3.5700000000000003,3.3920000000000003,3.4012930393218994,3.3399999999999976,3.3392857142857153,3.370999999999999,3.357333333333332,3.218111111111112,
2017-07-28,3.39,3.4,3.35,3.36,,3.5600000000000005,3.41,3.404302835464477,3.3557142857142837,3.345000000000001,3.366666666666666,3.3618333333333323,3.2237777777777783,
2017-07-31,3.35,3.39,3.33,3.34,,3.4,3.37,3.407254457473755,3.367142857142855,3.344285714285715,3.359999999999999,3.365999999999999,3.229333333333334,
2017-08-01,3.33,3.35,3.3,3.34,,3.36,3.3459999999999988,3.4101481437683105,3.369999999999998,3.342857142857144,3.3553333333333324,3.3693333333333326,3.2350000000000003,
2017-08-02,3.36,3.37,3.315,3.33,,3.27,3.344,3.4129838943481445,3.3714285714285697,3.3407142857142866,3.353333333333332,3.371333333333333,3.240111111111111,
2017-08-03,3.29,3.315,3.26,3.3,,3.25,3.3309999999999995,3.415761232376098,3.355714285714284,3.3357142857142863,3.349333333333332,3.373333333333333,3.245,
2017-08-04,3.3,3.32,3.27,3.31,,3.1899999999999995,3.309,3.4184792041778564,3.3414285714285694,3.3328571428571436,3.3459999999999988,3.374833333333333,3.25,
2017-08-07,3.34,3.35,3.325,3.34,,3.26,3.3109999999999986,3.4211392402648926,3.3314285714285696,3.3357142857142867,3.3433333333333324,3.3771666666666667,3.254888888888889,
2017-08-08,3.33,3.385,3.32,3.34,,3.34,3.3239999999999994,3.42374038696289,3.3285714285714265,3.3421428571428584,3.3409999999999993,3.378333333333333,3.259333333333333,
2017-08-09,3.33,3.37,3.32,3.34,,3.34,3.34,3.4262824058532715,3.3285714285714265,3.3478571428571446,3.3386666666666662,3.3786666666666667,3.2641111111111103,
2017-08-10,3.34,3.35,3.31,3.32,,3.35,3.34,3.428764820098877,3.325714285714284,3.3478571428571446,3.334999999999999,3.378333333333333,3.2689999999999992,
2017-08-11,3.31,3.33,3.27,3.3,,3.34,3.3280000000000003,3.4311883449554443,3.3214285714285694,3.346428571428573,3.3336666666666654,3.3781666666666665,3.273666666666666,
2017-08-14,3.35,3.36,3.31,3.32,,3.29,3.3160000000000003,3.4335522651672363,3.324285714285712,3.340000000000001,3.334666666666665,3.3778333333333332,3.278888888888888,
2017-08-15,3.34,3.37,3.32,3.35,,3.3,3.3199999999999994,3.435856819152832,3.3299999999999983,3.3357142857142867,3.3333333333333313,3.3774999999999995,3.2844444444444436,
2017-08-16,3.38,3.39,3.31,3.34,,3.3600000000000003,3.3360000000000003,3.438101053237915,3.3299999999999983,3.3307142857142873,3.3333333333333313,3.377,3.2896666666666654,
2017-08-17,3.33,3.35,3.31,3.35,,3.34,3.3369999999999997,3.4402852058410645,3.33142857142857,3.330000000000002,3.3343333333333316,3.376166666666666,3.2935555555555545,
2017-08-18,3.3,3.33,3.27,3.3,,3.3800000000000003,3.3480000000000003,3.4424097537994385,3.3257142857142843,3.327142857142859,3.3343333333333316,3.3746666666666667,3.2975555555555545,
2017-08-21,3.3,3.3,3.23,3.25,,3.3,3.3200000000000003,3.4444739818573,3.3157142857142845,3.3207142857142875,3.3333333333333313,3.3729999999999998,3.300888888888888,
2017-08-22,3.25,3.37,3.24,3.36,,3.18,3.3050000000000006,3.4464774131774902,3.3242857142857125,3.3228571428571447,3.333666666666665,3.3735,3.305555555555555,
2017-08-23,3.38,3.4,3.3,3.32,,3.37,3.342,3.448420286178589,3.3242857142857125,3.324285714285716,3.3323333333333314,3.374333333333333,3.31011111111111,
2017-08-24,3.26,3.34,3.24,3.3,,3.3,3.332,3.450302600860596,3.3171428571428554,3.32357142857143,3.330333333333331,3.374333333333333,3.314222222222221,
2017-08-25,3.3,3.36,3.26,3.36,,3.25,3.314,3.4521243572235107,3.319999999999998,3.325000000000002,3.329999999999998,3.375,3.3185555555555544,
2017-08-28,3.55,3.78,3.55,3.66,,3.42,3.34,3.4538838863372803,3.3642857142857125,3.347857142857144,3.3403333333333314,3.3796666666666666,3.326333333333333,
2017-08-29,3.68,3.81,3.68,3.74,,4.07,3.524,3.4567456245422363,3.427142857142855,3.376428571428573,3.3549999999999978,3.3848333333333334,3.3346666666666662,
2017-08-30,3.75,3.835,3.75,3.82,,4.120000000000001,3.628,3.4631471633911133,3.5085714285714262,3.4121428571428587,3.3739999999999974,3.3920000000000003,3.343444444444444,
2017-08-31,3.54,3.71,3.53,3.64,,4.32,3.7439999999999998,3.469526529312134,3.5485714285714267,3.4364285714285736,3.386666666666664,3.396166666666667,3.350333333333333,
2017-09-01,3.64,3.69,3.59,3.6,,3.98,3.662,3.475883960723877,3.5885714285714267,3.4564285714285736,3.3959999999999977,3.3985,3.356222222222222,
2017-09-04,3.6,3.67,3.6,3.63,,3.84,3.6060000000000003,3.4822194576263428,3.6357142857142835,3.4764285714285736,3.4063333333333308,3.399833333333333,3.3626666666666667,
2017-09-05,3.6,3.68,3.6,3.64,,3.6,3.6239999999999997,3.488532304763794,3.675714285714284,3.497857142857145,3.4139999999999975,3.400666666666666,3.368888888888889,
2017-09-06,3.62,3.695,3.61,3.63,,3.54,3.633,3.4948241710662837,3.6714285714285695,3.517857142857145,3.421333333333331,3.3998333333333326,3.375,
2017-09-07,3.63,3.64,3.55,3.6,,3.44,3.628,3.501093626022339,3.65142857142857,3.539285714285717,3.4276666666666644,3.3993333333333324,3.3807777777777783,
2017-09-08,3.6,3.63,3.59,3.59,,3.56,3.613,3.507340431213379,3.618571428571427,3.563571428571431,3.435333333333331,3.400999999999999,3.386333333333334,
2017-09-11,3.58,3.62,3.56,3.59,,3.58,3.6,3.5135657787323,3.6114285714285694,3.5800000000000023,3.4436666666666644,3.401833333333333,3.3918888888888894,
2017-09-12,3.68,3.68,3.61,3.62,,3.55,3.594,3.519768714904785,3.6142857142857125,3.6014285714285736,3.4529999999999976,3.4041666666666663,3.397222222222223,
2017-09-13,3.66,3.66,3.59,3.61,,3.6,3.611,3.525949239730835,3.6114285714285694,3.623571428571431,3.4623333333333313,3.4078333333333335,3.4016666666666677,
2017-09-14,3.62,3.65,3.6,3.61,,3.59,3.61,3.5321080684661865,3.607142857142855,3.6414285714285737,3.4726666666666643,3.4110000000000005,3.4064444444444457,
2017-09-15,3.65,3.65,3.56,3.58,,3.62,3.61,3.538243770599365,3.599999999999998,3.6357142857142883,3.4816666666666642,3.413833333333334,3.410444444444445,
2017-09-18,3.62,3.635,3.59,3.6,,3.5700000000000003,3.583,3.5443575382232666,3.599999999999998,3.625714285714288,3.490333333333331,3.4168333333333343,3.41488888888889,
2017-09-19,3.65,3.7,3.63,3.68,,3.61,3.5970000000000004,3.5504486560821533,3.6128571428571408,3.615714285714288,3.5016666666666643,3.4213333333333344,3.4194444444444456,
2017-09-20,3.75,3.77,3.69,3.73,,3.74,3.638,3.5565178394317627,3.632857142857141,3.622142857142859,3.514666666666664,3.4266666666666676,3.4240000000000017,
2017-09-21,3.83,3.88,3.78,3.8,,3.85,3.707,3.5625638961791988,3.6585714285714266,3.6364285714285733,3.530666666666664,3.4328333333333343,3.429111111111113,
2017-09-22,3.87,3.88,3.82,3.85,,3.99,3.774,3.568588256835937,3.692857142857141,3.652142857142859,3.5489999999999977,3.441333333333334,3.4351111111111132,
2017-09-25,3.87,3.88,3.83,3.85,,4.12,3.811,3.574589490890503,3.7271428571428555,3.667142857142859,3.566666666666664,3.4506666666666677,3.4407777777777806,
2017-09-26,3.85,3.87,3.75,3.79,,4.1,3.8160000000000003,3.5805678367614746,3.757142857142856,3.67857142857143,3.5813333333333315,3.457333333333334,3.445444444444447,
2017-09-27,3.82,3.87,3.815,3.86,,3.9,3.785,3.586524486541748,3.7942857142857127,3.6971428571428584,3.5986666666666647,3.466000000000001,3.450888888888892,3.1467777777777757
2017-09-28,3.88,4.01,3.88,3.93,,3.99,3.817,3.5924580097198486,3.8299999999999983,3.721428571428573,3.617999999999998,3.476166666666668,3.456777777777781,3.149499999999998
2017-09-29,3.93,3.95,3.9,3.94,,4.0600000000000005,3.8950000000000014,3.5983686447143555,3.8599999999999985,3.7464285714285728,3.6393333333333318,3.4868333333333346,3.4628888888888922,3.152138888888887
2017-10-02,3.94,4.02,3.94,3.97,,4.0299999999999985,3.9230000000000014,3.6042568683624263,3.8842857142857126,3.7714285714285727,3.6633333333333318,3.4983333333333344,3.4697777777777814,3.15497222222222
2017-10-03,3.96,4.02,3.94,3.97,,4.09,3.963,3.6101224422454834,3.901428571428569,3.7971428571428585,3.683666666666665,3.508666666666668,3.476888888888893,3.1578888888888867
2017-10-04,3.94,3.96,3.895,3.9,,4.15,3.966,3.615964651107788,3.908571428571426,3.817857142857144,3.7029999999999985,3.517666666666668,3.4838888888888926,3.1607777777777764
2017-10-05,3.84,3.85,3.66,3.68,,3.94,3.917,3.621784210205078,3.89285714285714,3.8250000000000015,3.7156666666666656,3.523000000000001,3.488111111111115,3.1629999999999985
2017-10-06,3.68,3.71,3.66,3.68,,3.43,3.785,3.6275808811187744,3.8671428571428548,3.830714285714287,3.7263333333333324,3.528166666666668,3.492111111111115,3.1652499999999986
2017-10-09,3.7,3.77,3.68,3.72,,3.4200000000000004,3.6800000000000006,3.6331493854522714,3.8371428571428545,3.8335714285714295,3.7283333333333326,3.5343333333333344,3.495888888888893,3.16761111111111
2017-10-10,3.7,3.7,3.66,3.66,,3.47,3.692,3.6385202407836914,3.7971428571428545,3.8285714285714296,3.7256666666666662,3.540333333333334,3.498444444444449,3.1697777777777767
2017-10-11,3.64,3.67,3.63,3.65,,3.35,3.67,3.643869161605835,3.7514285714285687,3.817857142857144,3.7199999999999998,3.547000000000001,3.5013333333333376,3.171916666666666
2017-10-12,3.64,3.665,3.61,3.66,,3.4,3.653999999999999,3.6491975784301762,3.7071428571428546,3.804285714285715,3.7206666666666663,3.5536666666666674,3.504333333333338,3.1741388888888884
2017-10-13,3.68,3.69,3.62,3.69,,3.64,3.658,3.6545040607452393,3.677142857142855,3.7928571428571436,3.7236666666666665,3.5598333333333345,3.506888888888894,3.1764444444444444
2017-10-16,3.67,3.77,3.67,3.77,,3.7,3.683,3.6597886085510254,3.6899999999999977,3.7914285714285723,3.728333333333333,3.567333333333335,3.509333333333338,3.178944444444445
2017-10-17,3.77,3.82,3.73,3.81,,3.82,3.699,3.6650524139404297,3.708571428571426,3.787857142857144,3.734,3.574000000000001,3.511777777777783,3.1815833333333337
2017-10-18,3.81,3.82,3.78,3.78,,3.96,3.786,3.670294761657715,3.717142857142855,3.7771428571428585,3.739,3.5801666666666683,3.5128888888888934,3.1839444444444447
2017-10-19,3.82,3.84,3.78,3.79,,3.91,3.789,3.6755154132843018,3.7357142857142835,3.766428571428573,3.745333333333334,3.5865000000000014,3.5146666666666717,3.1862777777777778
2017-10-20,3.78,3.8,3.73,3.79,,3.92,3.7880000000000003,3.680715322494507,3.7557142857142836,3.75357142857143,3.7520000000000007,3.593666666666668,3.518000000000005,3.1886666666666663
2017-10-23,3.79,3.79,3.64,3.65,,3.89,3.789,3.685892820358277,3.754285714285712,3.730714285714287,3.7540000000000004,3.598833333333334,3.519222222222227,3.1904999999999997
2017-10-24,3.65,3.7,3.63,3.63,,3.53,3.7060000000000004,3.691049814224243,3.745714285714283,3.711428571428573,3.7543333333333337,3.6036666666666677,3.5208888888888934,3.191916666666667
2017-10-25,3.64,3.7,3.64,3.69,,3.45,3.636,3.6961853504180913,3.7342857142857118,3.7121428571428585,3.757,3.6096666666666675,3.524222222222227,3.1933611111111113
2017-10-26,3.7,3.73,3.67,3.71,,3.6,3.676,3.701298713684082,3.719999999999998,3.7142857142857157,3.7603333333333335,3.6165000000000007,3.5274444444444484,3.1950277777777787
2017-10-27,3.7,3.73,3.62,3.66,,3.63,3.69,3.7063918113708496,3.7028571428571406,3.7100000000000017,3.763,3.622333333333334,3.530222222222226,3.196472222222223
2017-10-30,3.65,3.71,3.65,3.69,,3.53,3.6760000000000006,3.711463212966919,3.6885714285714264,3.712142857142859,3.766,3.628166666666667,3.5332222222222263,3.1980277777777784
2017-10-31,3.7,3.77,3.69,3.73,,3.73,3.681,3.716513395309448,3.6799999999999984,3.7178571428571447,3.7676666666666665,3.634666666666667,3.5367777777777816,3.1997777777777787
2017-11-01,3.75,3.85,3.73,3.84,,3.83,3.7230000000000003,3.7215418815612793,3.7071428571428555,3.730714285714288,3.771333333333333,3.6430000000000002,3.5415555555555587,3.201972222222223
2017-11-02,3.85,3.94,3.85,3.94,,3.99,3.8180000000000014,3.7265491485595694,3.75142857142857,3.748571428571431,3.7760000000000002,3.6533333333333338,3.547222222222225,3.2044722222222233
2017-11-03,3.94,4.02,3.93,4.01,,4.17,3.9,3.731535196304321,3.7971428571428554,3.765714285714288,3.781333333333334,3.6651666666666665,3.55466666666667,3.2071944444444456
2017-11-06,4.0,4.09,4.0,4.04,,4.3599999999999985,3.9960000000000004,3.7365005016326895,3.844285714285712,3.782142857142859,3.7876666666666674,3.6771666666666665,3.5630000000000033,3.209916666666668
2017-11-07,4.04,4.045,3.995,4.04,,4.3900000000000015,4.020999999999999,3.741444349288941,3.8985714285714264,3.8007142857142875,3.7960000000000007,3.6886666666666668,3.5702222222222257,3.2124444444444453
2017-11-08,4.02,4.1,3.99,4.09,,4.35,4.026999999999999,3.7463665008544917,3.9557142857142833,3.822142857142859,3.8036666666666674,3.7011666666666665,3.5785555555555595,3.215027777777778
2017-11-09,4.11,4.15,4.05,4.15,,4.34,4.075,3.751267910003662,4.015714285714283,3.8478571428571446,3.811000000000001,3.7145,3.5877777777777813,3.2178333333333335
2017-11-10,4.13,4.13,4.07,4.12,,4.360000000000001,4.138,3.756147861480713,4.055714285714283,3.881428571428573,3.817000000000001,3.7281666666666666,3.596888888888892,3.2206388888888893
2017-11-13,4.11,4.17,4.09,4.1,,4.23,4.132,3.761006593704224,4.078571428571426,3.915000000000002,3.8213333333333344,3.7423333333333333,3.606000000000004,3.2235
2017-11-14,4.07,4.15,4.06,4.13,,4.159999999999998,4.126,3.7658441066741934,4.0957142857142825,3.9464285714285734,3.8266666666666675,3.7551666666666663,3.6146666666666705,3.2265833333333336
2017-11-15,4.09,4.14,4.06,4.06,,4.22,4.137,3.7706606388092037,4.098571428571426,3.9714285714285738,3.8320000000000007,3.7674999999999996,3.622444444444448,3.229444444444445
2017-11-16,3.99,4.11,3.97,4.08,,4.0299999999999985,4.069,3.775456190109253,4.104285714285711,4.0014285714285736,3.845333333333334,3.7804999999999995,3.6304444444444477,3.232166666666667
2017-11-17,4.12,4.18,4.085,4.09,,4.01,4.07,3.7802307605743413,4.104285714285711,4.030000000000002,3.8590000000000004,3.7926666666666664,3.6384444444444473,3.2348611111111114
2017-11-20,4.1,4.14,4.08,4.1,,4.06,4.082000000000002,3.784983396530152,4.097142857142854,4.056428571428574,3.871666666666667,3.7999999999999994,3.6467777777777806,3.2375
2017-11-21,4.17,4.17,4.09,4.13,,4.1,4.0950000000000015,3.789714813232422,4.098571428571426,4.07714285714286,3.8873333333333333,3.8064999999999993,3.656000000000003,3.24025
2017-11-22,4.19,4.22,4.135,4.15,,4.13,4.113999999999999,3.7944262027740483,4.105714285714283,4.09214285714286,3.9040000000000004,3.8119999999999994,3.6660000000000026,3.243194444444445
2017-11-23,4.16,4.19,4.14,4.16,,4.240000000000001,4.142999999999999,3.7991154193878174,4.109999999999997,4.102857142857146,3.920666666666667,3.8206666666666664,3.676000000000003,3.2461666666666678
2017-11-24,4.14,4.15,3.85,3.97,,4.24,4.156999999999999,3.8037843704223633,4.097142857142854,4.097857142857146,3.93,3.826833333333333,3.6832222222222253,3.2486111111111122
2017-11-27,4.03,4.12,3.965,4.0,,3.850000000000001,4.026000000000002,3.80843186378479,4.085714285714283,4.095000000000003,3.937666666666667,3.8329999999999997,3.690777777777781,3.251166666666668
2017-11-28,4.01,4.01,3.89,3.92,,3.9,4.006,3.8130581378936768,4.061428571428569,4.082857142857146,3.9413333333333336,3.8376666666666663,3.6964444444444475,3.253472222222224
2017-11-29,3.94,3.945,3.82,3.85,,3.71,3.964000000000001,3.81766414642334,4.025714285714282,4.061428571428576,3.9436666666666667,3.841333333333333,3.7013333333333365,3.255500000000002
2017-11-30,3.85,3.885,3.83,3.85,,3.55,3.8640000000000008,3.8222484588623047,3.985714285714283,4.042142857142862,3.9456666666666664,3.8455,3.7062222222222254,3.257611111111113
2017-12-01,3.91,3.95,3.86,3.88,,3.54,3.8570000000000007,3.8268117904663086,3.9471428571428544,4.026428571428576,3.948666666666666,3.850333333333333,3.712000000000003,3.25977777777778
2017-12-04,3.95,3.95,3.86,3.87,,3.79,3.871,3.831354856491089,3.905714285714283,4.007857142857147,3.955999999999999,3.8549999999999995,3.717888888888892,3.2619444444444468
2017-12-05,3.84,3.87,3.8,3.82,,3.74,3.872,3.83587646484375,3.884285714285712,3.9907142857142897,3.9623333333333326,3.858333333333333,3.7232222222222258,3.264055555555558
2017-12-06,3.8,3.835,3.73,3.77,,3.72,3.82,3.840376377105713,3.851428571428569,3.968571428571433,3.964999999999999,3.8609999999999993,3.7281111111111147,3.2659722222222247
2017-12-07,3.81,3.845,3.77,3.8,,3.69,3.78,3.8448562622070312,3.834285714285712,3.9478571428571465,3.967999999999999,3.8641666666666663,3.7336666666666702,3.267972222222225
2017-12-08,3.83,3.85,3.8,3.8,,3.75,3.7880000000000003,3.8493146896362314,3.8271428571428543,3.9264285714285747,3.972666666666666,3.8678333333333326,3.739111111111115,3.2699166666666692
2017-12-11,3.81,3.96,3.81,3.87,,3.72,3.8,3.8537523746490483,3.8299999999999974,3.907857142857146,3.9786666666666664,3.8723333333333327,3.745000000000004,3.271888888888891
2017-12-12,3.93,3.93,3.78,3.8,,3.87,3.849,3.8581695556640634,3.8185714285714263,3.8828571428571457,3.9809999999999994,3.874333333333333,3.7501111111111154,3.2733333333333356
2017-12-13,3.8,3.8,3.72,3.77,,3.78,3.821,3.862565517425537,3.8042857142857116,3.855000000000003,3.978666666666666,3.875,3.7548888888888934,3.2747500000000023
2017-12-14,3.8,3.87,3.79,3.83,,3.77,3.786,3.866941213607788,3.805714285714283,3.845000000000003,3.974999999999999,3.8755,3.76055555555556,3.2761111111111134
2017-12-15,3.86,3.9,3.82,3.84,,3.86,3.824,3.871295928955078,3.8157142857142827,3.8335714285714317,3.9693333333333323,3.8753333333333333,3.7665555555555597,3.277638888888891
2017-12-18,3.86,3.915,3.83,3.89,,3.88,3.839,3.8756287097930913,3.8285714285714256,3.8314285714285745,3.964333333333332,3.876,3.7728888888888927,3.2792500000000024
2017-12-19,3.94,3.95,3.88,3.88,,3.91,3.859,3.879941701889038,3.8399999999999967,3.8335714285714317,3.9589999999999983,3.8775,3.778777777777781,3.280555555555558
2017-12-20,3.87,3.92,3.85,3.9,,3.96,3.875,3.884233474731445,3.8442857142857108,3.8371428571428603,3.952666666666665,3.8781666666666665,3.7850000000000037,3.2819166666666693
2017-12-21,3.9,3.94,3.885,3.9,,4.0299999999999985,3.896,3.888505220413208,3.8585714285714245,3.838571428571431,3.944333333333332,3.877666666666667,3.791111111111114,3.283333333333336
2017-12-22,3.9,3.99,3.89,3.97,,3.97,3.9,3.8937668800354,3.887142857142853,3.8457142857142883,3.9393333333333316,3.8781666666666665,3.798555555555559,3.284916666666669
2017-12-27,3.98,3.98,3.91,3.92,,4.1000000000000005,3.9560000000000004,3.902165174484253,3.8999999999999964,3.852857142857146,3.933333333333332,3.877333333333333,3.8060000000000036,3.2865555555555583
2017-12-28,3.91,3.91,3.865,3.88,,3.95,3.9300000000000006,3.9105603694915767,3.905714285714282,3.8607142857142884,3.9249999999999985,3.875833333333333,3.811777777777781,3.288083333333337
2017-12-29,3.88,3.94,3.88,3.9,,3.88,3.9,3.918955087661743,3.9071428571428535,3.867857142857146,3.9196666666666653,3.875833333333333,3.818222222222225,3.2897500000000037
2018-01-02,3.9,3.9,3.85,3.88,,3.9,3.9019999999999997,3.927348136901856,3.9071428571428535,3.8735714285714318,3.9129999999999985,3.879166666666666,3.8246666666666695,3.291111111111115
2018-01-03,3.97,3.99,3.89,3.93,,3.86,3.88,3.935739994049072,3.911428571428568,3.8778571428571462,3.9076666666666653,3.883333333333333,3.8310000000000026,3.2928055555555598
2018-01-04,3.99,4.035,3.96,4.03,,3.89,3.9150000000000014,3.9441301822662354,3.9299999999999966,3.894285714285718,3.905333333333332,3.8884999999999996,3.835111111111113,3.294972222222226
2018-01-05,4.05,4.21,4.05,4.2,,4.1400000000000015,3.98,3.952518939971924,3.9628571428571395,3.925000000000004,3.9076666666666657,3.8974999999999995,3.840222222222224,3.2975000000000043
2018-01-08,4.24,4.27,4.19,4.19,,4.5200000000000005,4.085000000000001,3.96090579032898,4.001428571428568,3.9507142857142896,3.908999999999999,3.9064999999999994,3.8443333333333354,3.299944444444449
2018-01-09,4.18,4.18,4.11,4.17,,4.48,4.162000000000001,3.969290971755981,4.04285714285714,3.974285714285718,3.909333333333332,3.914999999999999,3.8502222222222247,3.3025000000000047
2018-01-10,4.19,4.275,4.19,4.24,,4.46,4.162000000000001,3.977675199508667,4.091428571428568,3.9992857142857186,3.918333333333332,3.924166666666666,3.8573333333333357,3.3053055555555604
2018-01-11,4.2,4.225,4.15,4.2,,4.550000000000002,4.205000000000001,3.986057996749878,4.137142857142854,4.022142857142861,3.924999999999999,3.9313333333333325,3.863666666666669,3.308166666666671
2018-01-12,4.18,4.23,4.18,4.2,,4.37,4.205,3.994439125061035,4.1757142857142835,4.0435714285714335,3.9343333333333326,3.937833333333332,3.869888888888891,3.310972222222227
2018-01-15,4.25,4.25,4.16,4.19,,4.2,4.200000000000001,4.0028181076049805,4.198571428571426,4.0642857142857185,3.945666666666666,3.944666666666665,3.876111111111113,3.3137500000000046
2018-01-16,4.16,4.22,4.16,4.21,,4.19,4.1930000000000005,4.0111966133117685,4.1999999999999975,4.081428571428576,3.957666666666666,3.9516666666666658,3.8828888888888904,3.316472222222227
2018-01-17,4.19,4.28,4.175,4.27,,4.25,4.204,4.019572734832764,4.211428571428568,4.106428571428576,3.970666666666666,3.959666666666666,3.890444444444446,3.3191666666666713
2018-01-18,4.27,4.31,4.23,4.25,,4.299999999999999,4.25,4.0279483795166025,4.222857142857139,4.132857142857147,3.9833333333333325,3.969666666666666,3.89777777777778,3.3215277777777823
2018-01-19,4.28,4.365,4.28,4.3,,4.3,4.254,4.036322593688965,4.231428571428567,4.1614285714285755,3.9993333333333325,3.9808333333333326,3.9053333333333353,3.3242222222222266
2018-01-22,4.33,4.405,4.33,4.38,,4.4,4.267,4.044693946838379,4.257142857142854,4.197142857142862,4.019666666666666,3.992333333333333,3.913888888888891,3.3270833333333383
2018-01-23,4.39,4.4,4.325,4.35,,4.5699999999999985,4.333,4.0530643463134775,4.278571428571424,4.227142857142861,4.037999999999999,4.002999999999999,3.9221111111111133,3.330111111111116
2018-01-24,4.38,4.38,4.33,4.35,,4.489999999999998,4.35,4.061433792114259,4.301428571428567,4.250000000000004,4.056333333333332,4.014499999999999,3.930666666666669,3.3332500000000045
2018-01-25,4.37,4.44,4.29,4.3,,4.43,4.346000000000001,4.069800853729248,4.31428571428571,4.257142857142862,4.070666666666665,4.024666666666666,3.9384444444444466,3.336138888888893
2018-01-29,4.33,4.37,4.28,4.33,,4.35,4.312999999999999,4.07816743850708,4.322857142857138,4.267142857142861,4.088333333333332,4.034666666666666,3.9456666666666687,3.339277777777782
2018-01-30,4.3,4.37,4.28,4.31,,4.36,4.3210000000000015,4.086531639099121,4.3314285714285665,4.277142857142861,4.106333333333333,4.0424999999999995,3.952111111111113,3.3422777777777815
2018-01-31,4.28,4.3,4.21,4.25,,4.239999999999998,4.315,4.094894886016847,4.324285714285709,4.277857142857147,4.120333333333332,4.047666666666666,3.957111111111113,3.3453611111111146
2018-02-01,4.28,4.3,4.25,4.25,,4.15,4.272,4.103256702423097,4.305714285714282,4.281428571428575,4.133999999999999,4.051666666666667,3.961555555555557,3.348500000000004
2018-02-02,4.28,4.28,4.215,4.26,,4.15,4.25,4.111616134643556,4.292857142857138,4.285714285714289,4.146333333333333,4.0553333333333335,3.966111111111112,3.3516944444444485
2018-02-05,4.24,4.24,4.12,4.12,,4.22,4.255999999999999,4.119975090026856,4.259999999999995,4.280714285714289,4.154333333333332,4.056666666666667,3.9697777777777787,3.3545555555555597
2018-02-06,3.99,4.03,3.91,3.97,,3.91,4.188999999999999,4.1283321380615225,4.212857142857137,4.263571428571432,4.156666666666665,4.054666666666667,3.971000000000001,3.357277777777782
2018-02-07,4.03,4.09,4.0,4.03,,3.6300000000000012,4.13,4.136687755584717,4.169999999999995,4.2464285714285745,4.160999999999999,4.052666666666666,3.972111111111112,3.360138888888893
2018-02-08,3.98,4.085,3.98,4.03,,3.8100000000000014,4.035,4.145041942596436,4.129999999999995,4.230714285714289,4.1629999999999985,4.051166666666666,3.9731111111111117,3.3629444444444485
2018-02-09,3.98,4.12,3.95,4.07,,3.8100000000000014,4.024,4.1533942222595215,4.104285714285709,4.214285714285718,4.167999999999998,4.050666666666666,3.974222222222222,3.3658888888888927
2018-02-12,4.06,4.08,3.995,4.02,,3.8800000000000012,4.056,4.161745548248291,4.071428571428565,4.188571428571432,4.172666666666665,4.0488333333333335,3.9747777777777773,3.368722222222226
2018-02-13,4.0,4.08,3.995,4.04,,3.9199999999999986,4.034999999999998,4.1700944900512695,4.039999999999994,4.1664285714285745,4.177333333333332,4.0485,3.9763333333333333,3.3716111111111147
2018-02-14,4.02,4.08,4.02,4.06,,4.1099999999999985,4.033,4.178443431854248,4.031428571428566,4.1457142857142895,4.183333333333332,4.048166666666666,3.9805555555555556,3.3746388888888923
2018-02-15,4.27,4.34,4.1,4.12,,4.089999999999999,4.048,4.186790466308594,4.052857142857137,4.132857142857146,4.189666666666665,4.048666666666667,3.9854444444444446,3.3778333333333364
2018-02-16,4.11,4.13,4.08,4.11,,4.21,4.086,4.195135593414307,4.064285714285709,4.117142857142861,4.192333333333332,4.0488333333333335,3.9897777777777774,3.381111111111114
2018-02-19,4.07,4.15,4.07,4.1,,4.15,4.101,4.2034783363342285,4.0742857142857085,4.10214285714286,4.188999999999998,4.048333333333334,3.9946666666666664,3.3843333333333354
2018-02-20,4.07,4.19,4.07,4.16,,4.18,4.099,4.211820602416991,4.087142857142852,4.095714285714289,4.187999999999999,4.0485,4.000333333333334,3.3875277777777804
2018-02-21,4.13,4.2,4.09,4.1,,4.28,4.1370000000000005,4.220161437988281,4.098571428571423,4.0850000000000035,4.185666666666665,4.0475,4.005222222222223,3.390388888888891
2018-02-22,4.13,4.18,4.1,4.13,,4.14,4.113,4.228500843048097,4.111428571428567,4.075714285714289,4.181999999999999,4.050166666666667,4.010111111111112,3.3931388888888914
2018-02-23,4.17,4.17,4.13,4.14,,4.14,4.1240000000000006,4.2368383407592765,4.122857142857138,4.077142857142861,4.179999999999999,4.052499999999999,4.014222222222222,3.3961666666666694
2018-02-26,4.48,4.63,4.385,4.42,,4.169999999999999,4.134,4.2451744079589835,4.165714285714281,4.109285714285718,4.187333333333332,4.060833333333333,4.021000000000001,3.3998333333333366
2018-02-27,4.57,4.57,4.27,4.29,,4.74,4.307,4.253509044647217,4.191428571428567,4.127857142857147,4.190666666666666,4.0681666666666665,4.026666666666667,3.4030555555555586
2018-02-28,4.32,4.33,4.24,4.29,,4.42,4.314,4.2618422508239755,4.2185714285714235,4.146428571428575,4.1933333333333325,4.0755,4.032222222222223,3.4062222222222247
2018-03-01,4.29,4.32,4.2,4.22,,4.48,4.303,4.270174026489259,4.227142857142852,4.157142857142861,4.191666666666666,4.081166666666666,4.037000000000001,3.409333333333336
2018-03-02,4.2,4.2,4.1,4.12,,4.31,4.260999999999999,4.278503894805908,4.229999999999995,4.164285714285718,4.187333333333332,4.085333333333333,4.0422222222222235,3.41202777777778
2018-03-05,4.15,4.18,4.12,4.17,,4.1000000000000005,4.2410000000000005,4.286832809448241,4.235714285714281,4.1735714285714325,4.182999999999999,4.091166666666666,4.048222222222224,3.414694444444447
2018-03-06,4.21,4.23,4.14,4.14,,3.92,4.2360000000000015,4.295159816741943,4.23571428571428,4.179285714285718,4.174999999999999,4.097333333333332,4.053222222222224,3.417583333333336
2018-03-07,4.12,4.15,4.06,4.15,,3.9899999999999993,4.165000000000001,4.303484916687012,4.197142857142851,4.181428571428575,4.168333333333333,4.103166666666666,4.058111111111113,3.4203333333333363
2018-03-08,4.16,4.24,4.16,4.2,,4.010000000000002,4.165,4.311809539794922,4.184285714285709,4.187857142857147,4.163333333333332,4.109833333333332,4.064111111111112,3.4235000000000033
2018-03-09,4.2,4.22,4.16,4.18,,4.1800000000000015,4.189,4.320131778717041,4.168571428571424,4.193571428571433,4.159333333333333,4.114999999999998,4.0695555555555565,3.4266388888888923
2018-03-12,4.26,4.29,4.24,4.24,,4.239999999999998,4.1819999999999995,4.328453540802002,4.171428571428566,4.199285714285719,4.1563333333333325,4.122333333333332,4.075222222222223,3.4296388888888925
2018-03-13,4.24,4.27,4.2,4.26,,4.3100000000000005,4.222,4.336772441864014,4.191428571428566,4.21071428571429,4.1546666666666665,4.130499999999999,4.07988888888889,3.4327777777777806
2018-03-14,4.25,4.29,4.21,4.29,,4.38,4.252,4.3450913429260245,4.208571428571424,4.222142857142861,4.156,4.138166666666665,4.0837777777777795,3.4360000000000026
2018-03-15,4.29,4.31,4.23,4.3,,4.43,4.278999999999999,4.353407382965088,4.231428571428566,4.233571428571432,4.157666666666667,4.145833333333331,4.0870000000000015,3.4391944444444467
2018-03-16,4.34,4.43,4.32,4.36,,4.4,4.294,4.361722469329834,4.261428571428566,4.229285714285718,4.161,4.153666666666665,4.090555555555557,3.442638888888891
2018-03-19,4.4,4.435,4.34,4.41,,4.540000000000001,4.334999999999999,4.3700361251831055,4.2914285714285665,4.2378571428571465,4.1706666666666665,4.162499999999999,4.094666666666669,3.446166666666669
2018-03-20,4.38,4.41,4.32,4.4,,4.58,4.377,4.3783488273620605,4.3228571428571385,4.245714285714289,4.1850000000000005,4.170833333333332,4.098111111111113,3.449861111111114
2018-03-21,4.42,4.42,4.37,4.4,,4.540000000000001,4.395999999999999,4.386659622192384,4.345714285714281,4.258571428571432,4.197333333333334,4.179166666666665,4.100888888888891,3.4535555555555586
2018-03-22,4.36,4.365,4.31,4.32,,4.510000000000002,4.4,4.394968509674071,4.35428571428571,4.272857142857147,4.207,4.184999999999999,4.1031111111111125,3.45716666666667
2018-03-23,4.25,4.31,4.23,4.28,,4.340000000000002,4.351999999999999,4.403276443481445,4.352857142857139,4.280714285714289,4.214,4.190999999999999,4.105111111111112,3.4605833333333362
2018-03-26,4.25,4.38,4.25,4.36,,4.2,4.343999999999999,4.411581993103027,4.361428571428567,4.296428571428575,4.225333333333334,4.198999999999999,4.107666666666668,3.4641944444444475
2018-03-27,4.39,4.49,4.38,4.45,,4.3100000000000005,4.356,4.419887065887451,4.37428571428571,4.317857142857147,4.239000000000001,4.208166666666665,4.112000000000001,3.4681944444444475
2018-03-28,4.42,4.49,4.42,4.42,,4.5,4.405,4.428190231323242,4.375714285714282,4.333571428571432,4.251000000000001,4.217166666666666,4.1157777777777795,3.4720833333333365
2018-03-29,4.43,4.45,4.4,4.42,,4.44,4.408,4.4364914894104,4.378571428571425,4.350714285714289,4.261,4.2253333333333325,4.119444444444446,3.47591666666667
2018-04-03,4.39,4.44,4.39,4.41,,4.52,4.4140000000000015,4.444791316986084,4.379999999999996,4.3628571428571465,4.271,4.231666666666666,4.122888888888891,3.479861111111115
2018-04-04,4.39,4.44,4.38,4.41,,4.54,4.412000000000001,4.4530906677246085,4.39285714285714,4.373571428571433,4.281333333333333,4.235166666666666,4.126000000000002,3.483833333333337
2018-04-05,4.4,4.43,4.37,4.39,,4.46,4.409999999999998,4.461387634277344,4.408571428571426,4.380714285714289,4.289,4.238499999999999,4.128666666666669,3.487861111111115
2018-04-06,4.37,4.44,4.35,4.43,,4.329999999999999,4.403999999999999,4.469683647155762,4.4185714285714255,4.390000000000003,4.3,4.242833333333333,4.131666666666669,3.4919444444444485
2018-04-09,4.43,4.44,4.38,4.41,,4.44,4.42,4.477977752685547,4.412857142857139,4.393571428571432,4.309333333333333,4.245666666666666,4.1365555555555575,3.496027777777782
2018-04-10,4.4,4.46,4.39,4.44,,4.4,4.411999999999999,4.4862709045410165,4.415714285714282,4.3957142857142895,4.319333333333334,4.249666666666666,4.1414444444444465,3.5003611111111153
2018-04-11,4.4,4.44,4.39,4.43,,4.4700000000000015,4.43,4.494561672210693,4.417142857142854,4.397857142857147,4.319666666666667,4.2535,4.147111111111113,3.504611111111115
2018-04-12,4.39,4.44,4.345,4.38,,4.449999999999998,4.4289999999999985,4.503016948699951,4.412857142857139,4.396428571428576,4.3226666666666675,4.256666666666666,4.153000000000001,3.508638888888893
2018-04-13,4.38,4.44,4.38,4.42,,4.37,4.401,4.511677265167236,4.41428571428571,4.403571428571433,4.327000000000001,4.260166666666667,4.159333333333335,3.5127222222222265
2018-04-16,4.41,4.49,4.41,4.49,,4.41,4.414,4.5203375816345215,4.428571428571424,4.418571428571433,4.336000000000001,4.2638333333333325,4.166111111111113,3.517138888888893
2018-04-17,4.49,4.6,4.47,4.58,,4.57,4.464,4.528998851776123,4.449999999999996,4.434285714285719,4.351333333333335,4.269333333333333,4.174000000000001,3.522000000000004
