Date,Open,High,Low,Close,Volume,tech_per_change,ML_RF
2014-06-25,3.21,3.21,3.075,3.08,,,
2014-06-26,3.1,3.15,3.07,3.15,,,
2014-06-27,3.17,3.25,3.15,3.25,,,
2014-06-30,3.24,3.25,3.2,3.2,,,
2014-07-01,3.2,3.22,3.16,3.17,,,
2014-07-02,3.19,3.205,3.16,3.19,,,
2014-07-03,3.19,3.2,3.17,3.17,,3.3,
2014-07-04,3.15,3.16,3.13,3.15,,3.19,
2014-07-07,3.15,3.21,3.13,3.2,,3.05,
2014-07-08,3.17,3.22,3.17,3.2,,3.2,
2014-07-09,3.2,3.25,3.2,3.21,,3.2300000000000004,
2014-07-10,3.22,3.33,3.22,3.32,,3.23,
2014-07-11,3.31,3.39,3.31,3.34,,3.47,
2014-07-14,3.36,3.4,3.35,3.4,,3.53,
2014-07-15,3.42,3.42,3.385,3.42,,3.6,
2014-07-16,3.44,3.47,3.43,3.45,,3.64,
2014-07-17,3.46,3.46,3.38,3.4,,3.69,
2014-07-18,3.34,3.39,3.33,3.33,,3.48,
2014-07-21,3.34,3.39,3.34,3.38,,3.3200000000000003,
2014-07-22,3.4,3.41,3.35,3.35,,3.36,
2014-07-23,3.39,3.42,3.36,3.4,,3.28,
2014-07-24,3.38,3.41,3.38,3.4,,3.35,
2014-07-25,3.38,3.4,3.36,3.37,,3.4,
2014-07-28,3.37,3.39,3.35,3.37,,3.41,
2014-07-29,3.35,3.39,3.345,3.39,,3.3600000000000003,
2014-07-30,3.4,3.44,3.39,3.41,,3.43,
2014-07-31,3.4,3.47,3.39,3.4,,3.4200000000000004,
2014-08-01,3.34,3.37,3.33,3.33,,3.4,
2014-08-04,3.32,3.42,3.32,3.39,,3.29,
2014-08-05,3.39,3.4,3.37,3.39,,3.41,
2014-08-06,3.38,3.395,3.35,3.36,,3.39,
2014-08-07,3.36,3.38,3.34,3.37,,3.31,
2014-08-08,3.34,3.36,3.27,3.3,,3.3400000000000003,
2014-08-11,3.37,3.37,3.32,3.36,,3.27,
2014-08-12,3.38,3.41,3.375,3.4,,3.33,
2014-08-13,3.39,3.44,3.39,3.44,,3.41,
2014-08-14,3.42,3.475,3.41,3.47,,3.52,
2014-08-15,3.47,3.5,3.47,3.5,,3.5700000000000003,
2014-08-18,3.5,3.5,3.47,3.48,,3.7,
2014-08-19,3.52,3.53,3.49,3.53,,3.6,
2014-08-20,3.51,3.51,3.47,3.49,,3.66,
2014-08-21,3.59,3.59,3.47,3.55,,3.5400000000000005,
2014-08-22,3.57,3.575,3.51,3.56,,3.63,
2014-08-25,3.54,3.56,3.49,3.55,,3.62,
2014-08-26,3.51,3.55,3.455,3.47,,3.62,
2014-08-27,3.48,3.48,3.42,3.45,,3.4100000000000006,
2014-08-28,3.4,3.44,3.4,3.41,,3.41,
2014-08-29,3.45,3.46,3.42,3.43,,3.2700000000000005,
2014-09-01,3.49,3.515,3.46,3.49,,3.3000000000000003,3.4259999999999997
2014-09-02,3.51,3.53,3.48,3.5,,3.4300000000000006,3.47
2014-09-03,3.53,3.56,3.5,3.54,,3.53,3.4899999999999998
2014-09-04,3.53,3.53,3.47,3.49,,3.63,3.536
2014-09-05,3.51,3.555,3.49,3.5,,3.5700000000000003,3.5050000000000012
2014-09-08,3.52,3.54,3.47,3.47,,3.57,3.500000000000001
2014-09-09,3.49,3.54,3.49,3.54,,3.45,3.473
2014-09-10,3.43,3.46,3.43,3.43,,3.58,3.508
2014-09-11,3.43,3.44,3.36,3.37,,3.3200000000000003,3.4450000000000003
2014-09-12,3.32,3.39,3.31,3.39,,3.25,3.41
2014-09-15,3.33,3.345,3.28,3.28,,3.28,3.3920000000000003
2014-09-16,3.25,3.32,3.25,3.3,,3.0899999999999994,3.3480000000000003
2014-09-17,3.28,3.34,3.27,3.31,,3.06,3.313
2014-09-18,3.34,3.36,3.29,3.34,,3.19,3.3169999999999993
2014-09-19,3.34,3.38,3.3,3.38,,3.31,3.325
2014-09-22,3.35,3.37,3.32,3.36,,3.37,3.372
2014-09-23,3.39,3.39,3.33,3.35,,3.44,3.364
2014-09-24,3.29,3.33,3.29,3.29,,3.4000000000000004,3.353
2014-09-25,3.29,3.35,3.25,3.35,,3.27,3.3220000000000005
2014-09-26,3.31,3.325,3.29,3.3,,3.3600000000000003,3.3440000000000003
2014-09-29,3.3,3.33,3.275,3.31,,3.22,3.3300000000000005
2014-09-30,3.3,3.315,3.27,3.28,,3.26,3.3129999999999997
2014-10-01,3.25,3.395,3.245,3.38,,3.2099999999999995,3.2879999999999994
2014-10-02,3.33,3.36,3.3,3.32,,3.47,3.317999999999999
2014-10-03,3.29,3.36,3.29,3.33,,3.29,3.321
2014-10-07,3.37,3.37,3.27,3.35,,3.3600000000000003,3.3289999999999993
2014-10-08,3.3,3.34,3.295,3.33,,3.39,3.343000000000001
2014-10-09,3.35,3.395,3.34,3.38,,3.3800000000000003,3.3329999999999997
2014-10-10,3.28,3.36,3.28,3.33,,3.38,3.3689999999999998
2014-10-13,3.31,3.35,3.27,3.3,,3.3400000000000003,3.3449999999999998
2014-10-14,3.28,3.35,3.27,3.35,,3.27,3.317
2014-10-15,3.29,3.325,3.28,3.29,,3.35,3.3360000000000007
2014-10-16,3.27,3.365,3.26,3.35,,3.25,3.309
2014-10-17,3.36,3.39,3.34,3.34,,3.3200000000000003,3.339000000000001
2014-10-20,3.37,3.39,3.34,3.35,,3.35,3.339
2014-10-21,3.37,3.38,3.32,3.32,,3.4000000000000004,3.342
2014-10-22,3.35,3.39,3.345,3.37,,3.29,3.3290000000000006
2014-10-23,3.37,3.44,3.37,3.41,,3.45,3.34
2014-10-24,3.42,3.43,3.36,3.36,,3.47,3.393
2014-10-27,3.4,3.44,3.395,3.44,,3.38,3.3850000000000002
2014-10-28,3.43,3.455,3.41,3.41,,3.53,3.431
2014-10-29,3.45,3.46,3.415,3.43,,3.5000000000000004,3.4220000000000006
2014-10-30,3.45,3.49,3.42,3.49,,3.49,3.4259999999999997
2014-10-31,3.53,3.595,3.51,3.54,,3.5700000000000003,3.471000000000001
2014-11-03,3.52,3.54,3.52,3.54,,3.72,3.5140000000000002
2014-11-04,3.52,3.57,3.51,3.57,,3.64,3.54
2014-11-05,3.52,3.63,3.52,3.62,,3.73,3.561
2014-11-06,3.62,3.65,3.61,3.61,,3.81,3.5839999999999996
2014-11-07,3.63,3.66,3.56,3.56,,3.73,3.597
2014-11-10,3.56,3.58,3.51,3.55,,3.58,3.5780000000000003
2014-11-11,3.55,3.58,3.54,3.56,,3.56,3.5629999999999997
2014-11-12,3.55,3.55,3.49,3.51,,3.5500000000000003,3.560999999999999
2014-11-13,3.5,3.51,3.45,3.48,,3.3999999999999995,3.539999999999999
2014-11-14,3.48,3.49,3.44,3.46,,3.35,3.511
2014-11-17,3.46,3.48,3.43,3.44,,3.36,3.492
2014-11-18,3.44,3.45,3.4,3.43,,3.33,3.4520000000000004
2014-11-19,3.43,3.45,3.38,3.42,,3.3000000000000003,3.433
2014-11-20,3.43,3.48,3.425,3.45,,3.33,3.4220000000000006
2014-11-21,3.47,3.48,3.41,3.44,,3.4200000000000004,3.442
2014-11-24,3.48,3.48,3.44,3.46,,3.42,3.438
2014-11-25,3.42,3.46,3.4,3.41,,3.48,3.457
2014-11-26,3.43,3.49,3.43,3.45,,3.39,3.432
2014-11-27,3.46,3.52,3.45,3.46,,3.4800000000000004,3.433
2014-11-28,3.46,3.49,3.46,3.47,,3.47,3.4510000000000005
2014-12-01,3.49,3.53,3.48,3.5,,3.5000000000000004,3.465
2014-12-02,3.48,3.59,3.48,3.56,,3.54,3.4909999999999997
2014-12-03,3.55,3.63,3.55,3.62,,3.71,3.5389999999999993
2014-12-04,3.63,3.64,3.55,3.57,,3.79,3.59
2014-12-05,3.59,3.61,3.53,3.54,,3.68,3.5729999999999995
2014-12-08,3.56,3.59,3.49,3.49,,3.61,3.5509999999999997
2014-12-09,3.51,3.54,3.43,3.43,,3.4800000000000004,3.5050000000000003
2014-12-10,3.4,3.49,3.39,3.49,,3.3000000000000003,3.4810000000000003
2014-12-11,3.45,3.51,3.42,3.47,,3.3600000000000003,3.4830000000000014
2014-12-12,3.45,3.56,3.45,3.52,,3.370000000000001,3.472
2014-12-15,3.52,3.55,3.48,3.54,,3.5,3.5100000000000002
2014-12-16,3.52,3.55,3.5,3.54,,3.59,3.534
2014-12-17,3.55,3.59,3.54,3.55,,3.65,3.54
2014-12-18,3.53,3.59,3.48,3.49,,3.61,3.5450000000000004
2014-12-19,3.52,3.6,3.48,3.55,,3.51,3.5110000000000006
2014-12-22,3.58,3.65,3.58,3.65,,3.58,3.532
2014-12-23,3.65,3.69,3.59,3.59,,3.76,3.603999999999999
2014-12-24,3.6,3.61,3.56,3.61,,3.64,3.5980000000000003
2014-12-29,3.64,3.72,3.56,3.64,,3.67,3.6079999999999997
2014-12-30,3.67,3.67,3.58,3.61,,3.79,3.625
2014-12-31,3.58,3.61,3.49,3.5,,3.67,3.6129999999999995
2015-01-02,3.51,3.57,3.5,3.53,,3.35,3.511
2015-01-05,3.52,3.58,3.51,3.57,,3.47,3.521000000000001
2015-01-06,3.54,3.57,3.465,3.49,,3.53,3.5519999999999996
2015-01-07,3.51,3.58,3.49,3.58,,3.3400000000000003,3.5200000000000005
2015-01-08,3.59,3.61,3.55,3.61,,3.5500000000000003,3.5769999999999995
2015-01-09,3.64,3.67,3.6,3.65,,3.72,3.593
2015-01-12,3.66,3.68,3.62,3.67,,3.77,3.6189999999999998
2015-01-13,3.64,3.7,3.635,3.67,,3.77,3.6439999999999997
2015-01-14,3.67,3.7,3.645,3.69,,3.85,3.6620000000000004
2015-01-15,3.7,3.74,3.685,3.71,,3.8,3.6719999999999997
2015-01-16,3.71,3.75,3.7,3.75,,3.81,3.6839999999999997
2015-01-19,3.77,3.77,3.67,3.7,,3.85,3.7379999999999995
2015-01-20,3.66,3.69,3.63,3.64,,3.73,3.7050000000000005
2015-01-21,3.68,3.76,3.675,3.76,,3.61,3.658
2015-01-22,3.75,3.77,3.71,3.71,,3.83,3.729999999999999
2015-01-23,3.79,3.875,3.76,3.86,,3.71,3.723
2015-01-27,3.85,3.9,3.84,3.89,,3.97,3.81
2015-01-28,3.85,3.9,3.83,3.83,,4.08,3.8840000000000003
2015-01-29,3.8,3.88,3.79,3.85,,4.02,3.8630000000000004
2015-01-30,3.9,3.92,3.8,3.8,,3.94,3.8480000000000003
2015-02-02,3.85,3.93,3.85,3.85,,3.89,3.8200000000000003
2015-02-03,3.84,3.91,3.78,3.88,,3.84,3.8400000000000007
2015-02-04,3.97,3.97,3.88,3.92,,3.87,3.8630000000000004
2015-02-05,3.93,3.99,3.91,3.94,,4.01,3.897
2015-02-06,3.92,3.98,3.88,3.95,,4.0299999999999985,3.9170000000000003
2015-02-09,3.9,3.95,3.86,3.95,,4.1000000000000005,3.9290000000000007
2015-02-10,3.94,3.97,3.89,3.96,,4.050000000000002,3.9470000000000005
2015-02-11,3.89,3.95,3.875,3.88,,4.04,3.9570000000000007
2015-02-12,3.93,3.94,3.86,3.86,,3.84,3.902
2015-02-13,3.9,3.93,3.85,3.86,,3.78,3.8879999999999995
2015-02-16,3.82,3.84,3.77,3.79,,3.77,3.8619999999999997
2015-02-17,3.75,3.78,3.71,3.78,,3.63,3.818
2015-02-18,3.8,3.84,3.72,3.8,,3.6,3.7880000000000003
2015-02-19,3.8,3.81,3.75,3.78,,3.72,3.8019999999999996
2015-02-20,3.78,3.8,3.73,3.74,,3.7,3.7959999999999994
2015-02-23,3.73,3.8,3.71,3.79,,3.620000000000001,3.7700000000000005
2015-02-24,3.81,3.83,3.76,3.77,,3.79,3.787
2015-02-25,3.77,3.89,3.77,3.87,,3.76,3.7720000000000007
2015-02-26,3.83,3.88,3.83,3.85,,3.94,3.8220000000000005
2015-02-27,3.88,3.89,3.84,3.86,,3.92,3.8360000000000007
2015-03-02,3.85,3.935,3.85,3.9,,3.98,3.8470000000000004
2015-03-03,3.98,4.0,3.885,3.93,,4.01,3.882
2015-03-04,3.96,3.96,3.89,3.91,,4.09,3.9130000000000003
2015-03-05,3.91,3.93,3.84,3.93,,3.95,3.9090000000000003
2015-03-06,3.94,3.94,3.88,3.93,,4.01,3.9209999999999994
2015-03-09,3.85,3.86,3.775,3.79,,4.0,3.9239999999999995
2015-03-10,3.78,3.84,3.74,3.82,,3.68,3.818
2015-03-11,3.8,3.89,3.79,3.87,,3.71,3.819
2015-03-12,3.89,3.93,3.86,3.92,,3.83,3.8330000000000006
2015-03-13,3.92,3.93,3.88,3.91,,3.91,3.902
2015-03-16,3.85,3.87,3.82,3.86,,3.89,3.897
2015-03-17,3.88,3.9,3.82,3.82,,3.93,3.876
2015-03-18,3.78,3.815,3.75,3.79,,3.82,3.8489999999999993
2015-03-19,3.81,3.88,3.81,3.88,,3.71,3.8069999999999995
2015-03-20,3.88,3.93,3.85,3.93,,3.84,3.8579999999999997
2015-03-23,3.9,3.93,3.85,3.9,,3.95,3.899
2015-03-24,3.88,3.97,3.86,3.94,,3.94,3.8909999999999996
2015-03-25,3.98,3.98,3.895,3.9,,4.0600000000000005,3.929
2015-03-26,3.85,3.875,3.81,3.82,,4.01,3.912
2015-03-27,3.8,3.895,3.79,3.85,,3.76,3.844
2015-03-30,3.81,3.85,3.765,3.78,,3.77,3.849
2015-03-31,3.79,3.84,3.74,3.74,,3.66,3.81
2015-04-01,3.71,3.75,3.66,3.74,,3.5400000000000005,3.748000000000001
2015-04-02,3.73,3.78,3.715,3.74,,3.5800000000000005,3.744000000000001
2015-04-07,3.78,3.79,3.72,3.74,,3.6600000000000006,3.740000000000001
2015-04-08,3.74,3.81,3.72,3.8,,3.63,3.740000000000001
2015-04-09,3.78,3.81,3.77,3.81,,3.82,3.7640000000000002
2015-04-10,3.8,3.88,3.785,3.87,,3.88,3.7950000000000004
2015-04-13,3.88,3.93,3.87,3.88,,4.0,3.8330000000000006
2015-04-14,3.9,3.905,3.84,3.87,,4.02,3.872
2015-04-15,3.86,3.87,3.77,3.81,,4.0,3.8680000000000008
2015-04-16,3.83,3.87,3.795,3.8,,3.82,3.8239999999999994
2015-04-17,3.79,3.795,3.72,3.75,,3.79,3.8039999999999994
2015-04-20,3.69,3.75,3.66,3.74,,3.63,3.772
2015-04-21,3.78,3.79,3.71,3.75,,3.6000000000000005,3.748
2015-04-22,3.78,3.78,3.72,3.74,,3.63,3.7470000000000008
2015-04-23,3.73,3.78,3.7,3.76,,3.67,3.742000000000001
2015-04-24,3.76,3.84,3.74,3.8,,3.72,3.7559999999999993
2015-04-27,3.85,3.89,3.83,3.85,,3.85,3.785999999999999
2015-04-28,3.83,3.86,3.8,3.84,,3.96,3.8289999999999997
2015-04-29,3.81,3.835,3.755,3.76,,3.93,3.8400000000000007
2015-04-30,3.71,3.78,3.67,3.74,,3.78,3.79
2015-05-01,3.71,3.75,3.68,3.72,,3.7200000000000006,3.750000000000001
2015-05-04,3.74,3.79,3.73,3.75,,3.640000000000001,3.7299999999999995
2015-05-05,3.83,3.865,3.775,3.81,,3.65,3.7439999999999998
2015-05-06,3.75,3.78,3.74,3.76,,3.78,3.7920000000000003
2015-05-07,3.75,3.8,3.68,3.69,,3.76,3.781
2015-05-08,3.75,3.82,3.75,3.78,,3.64,3.7090000000000005
2015-05-11,3.8,3.85,3.8,3.82,,3.84,3.7620000000000005
2015-05-12,3.81,3.82,3.74,3.81,,3.89,3.812
2015-05-13,3.83,3.87,3.81,3.87,,3.81,3.8160000000000003
2015-05-14,3.82,3.85,3.805,3.84,,3.98,3.8590000000000004
2015-05-15,3.89,3.92,3.84,3.92,,3.99,3.852000000000001
2015-05-18,3.9,3.96,3.89,3.92,,4.0600000000000005,3.8890000000000002
2015-05-19,3.92,3.95,3.86,3.88,,4.02,3.899000000000001
2015-05-20,3.88,3.93,3.87,3.91,,3.95,3.8920000000000003
2015-05-21,3.9,3.91,3.87,3.89,,3.95,3.896000000000001
2015-05-22,3.9,3.955,3.88,3.95,,3.94,3.8920000000000003
2015-05-25,3.94,3.97,3.91,3.94,,3.98,3.9270000000000005
2015-05-26,3.95,3.98,3.92,3.98,,3.96,3.94
2015-05-27,3.94,3.98,3.905,3.96,,4.08,3.972
2015-05-28,3.96,3.97,3.905,3.93,,4.01,3.964
2015-05-29,3.89,3.97,3.89,3.95,,3.97,3.9480000000000004
2015-06-01,3.91,3.99,3.89,3.98,,3.95,3.946
2015-06-02,3.98,3.98,3.89,3.89,,4.02,3.9769999999999994
2015-06-03,3.87,3.92,3.81,3.88,,3.8,3.944
2015-06-04,3.88,3.89,3.8,3.8,,3.8,3.910999999999999
2015-06-05,3.77,3.85,3.77,3.85,,3.67,3.816
2015-06-09,3.84,3.91,3.83,3.88,,3.75,3.8400000000000007
2015-06-10,3.87,3.9,3.85,3.87,,3.78,3.8689999999999998
2015-06-11,3.88,3.89,3.83,3.84,,3.85,3.872
2015-06-12,3.81,3.88,3.81,3.84,,3.8,3.8589999999999995
2015-06-15,3.8,3.86,3.8,3.86,,3.88,3.8489999999999993
2015-06-16,3.84,3.91,3.82,3.82,,3.87,3.8579999999999997
2015-06-17,3.86,3.87,3.82,3.84,,3.76,3.8369999999999997
2015-06-18,3.78,3.82,3.74,3.8,,3.81,3.84
2015-06-19,3.89,3.94,3.85,3.89,,3.76,3.8199999999999994
2015-06-22,3.88,3.985,3.88,3.95,,3.94,3.8850000000000002
2015-06-23,4.0,4.05,3.985,4.01,,4.040000000000001,3.9090000000000003
2015-06-24,4.0,4.01,3.925,3.95,,4.199999999999998,3.9799999999999995
2015-06-25,3.95,3.95,3.84,3.87,,4.0600000000000005,3.9620000000000006
2015-06-26,3.82,3.86,3.765,3.85,,3.94,3.8940000000000006
2015-06-29,3.81,3.83,3.74,3.76,,3.81,3.8560000000000003
2015-06-30,3.71,3.775,3.7,3.75,,3.5699999999999994,3.7889999999999993
2015-07-01,3.79,3.81,3.72,3.8,,3.49,3.775
2015-07-02,3.81,3.84,3.765,3.81,,3.65,3.7849999999999993
2015-07-03,3.78,3.79,3.74,3.79,,3.75,3.8069999999999995
2015-07-06,3.74,3.77,3.71,3.77,,3.73,3.7990000000000004
2015-07-07,3.8,3.86,3.8,3.84,,3.78,3.7800000000000002
2015-07-08,3.8,3.88,3.79,3.87,,3.93,3.8020000000000005
2015-07-09,3.84,3.88,3.805,3.87,,3.94,3.8190000000000004
2015-07-10,3.9,3.9,3.81,3.81,,3.93,3.8600000000000003
2015-07-13,3.8,3.87,3.8,3.8,,3.83,3.822
2015-07-14,3.87,3.89,3.835,3.85,,3.83,3.811000000000001
2015-07-15,3.86,3.9,3.85,3.87,,3.86,3.8340000000000005
2015-07-16,3.88,3.925,3.86,3.9,,3.87,3.849000000000001
2015-07-17,3.9,3.92,3.87,3.9,,3.93,3.8690000000000007
2015-07-20,3.9,3.91,3.84,3.86,,3.99,3.8879999999999995
2015-07-21,3.88,3.95,3.86,3.93,,3.92,3.872
2015-07-22,3.91,3.93,3.87,3.91,,4.01,3.9130000000000003
2015-07-23,3.87,3.9,3.85,3.87,,3.95,3.908
2015-07-24,3.85,3.91,3.82,3.84,,3.84,3.8890000000000002
2015-07-27,3.83,3.96,3.83,3.95,,3.78,3.8620000000000005
2015-07-28,3.91,3.97,3.91,3.96,,4.040000000000001,3.908
2015-07-29,3.97,3.98,3.93,3.95,,3.99,3.938
2015-07-30,3.94,3.98,3.93,3.96,,3.99,3.9440000000000004
2015-07-31,3.97,3.99,3.94,3.96,,4.05,3.957
2015-08-03,3.96,4.03,3.95,4.01,,4.08,3.9590000000000005
2015-08-04,3.97,4.07,3.96,4.03,,4.0699999999999985,3.9839999999999995
2015-08-05,4.0,4.02,3.97,4.01,,4.1000000000000005,4.023000000000001
2015-08-06,3.97,4.04,3.97,4.02,,4.0699999999999985,4.017999999999999
2015-08-07,3.96,4.01,3.95,3.96,,4.079999999999999,4.019
2015-08-10,3.98,3.99,3.92,3.95,,3.96,3.9650000000000007
2015-08-11,3.96,3.98,3.905,3.93,,3.890000000000001,3.96
2015-08-12,3.93,3.985,3.87,3.89,,3.83,3.9490000000000003
2015-08-13,3.78,3.845,3.78,3.84,,3.770000000000001,3.918
2015-08-14,3.8,3.86,3.79,3.82,,3.66,3.8659999999999997
2015-08-17,3.87,3.89,3.84,3.84,,3.68,3.851
2015-08-18,3.87,3.88,3.77,3.8,,3.73,3.836
2015-08-19,3.84,3.88,3.81,3.84,,3.67,3.814
2015-08-20,3.79,3.83,3.79,3.82,,3.79,3.8299999999999996
2015-08-21,3.76,3.785,3.69,3.74,,3.8,3.8280000000000003
2015-08-24,3.68,3.7,3.59,3.61,,3.6600000000000006,3.7760000000000007
2015-08-25,3.54,3.74,3.51,3.74,,3.38,3.6719999999999997
2015-08-26,3.7,3.8,3.68,3.74,,3.6800000000000006,3.750000000000001
2015-08-27,3.79,3.84,3.73,3.83,,3.640000000000001,3.740000000000001
2015-08-28,3.89,3.89,3.8,3.86,,3.84,3.803
2015-08-31,3.76,3.845,3.76,3.81,,3.98,3.845
2015-09-01,3.79,3.82,3.73,3.75,,4.01,3.835
2015-09-02,3.73,3.77,3.69,3.76,,3.76,3.778
2015-09-03,3.84,3.84,3.7,3.71,,3.78,3.758999999999999
2015-09-04,3.7,3.76,3.64,3.74,,3.59,3.7199999999999998
2015-09-07,3.8,3.8,3.71,3.77,,3.620000000000001,3.7350000000000003
2015-09-08,3.78,3.82,3.76,3.82,,3.73,3.7510000000000003
2015-09-09,3.84,3.88,3.81,3.87,,3.89,3.7860000000000005
2015-09-10,3.77,3.82,3.765,3.77,,3.98,3.8600000000000003
2015-09-11,3.77,3.79,3.74,3.75,,3.83,3.8000000000000007
2015-09-14,3.8,3.815,3.76,3.81,,3.76,3.7560000000000002
2015-09-15,3.83,3.83,3.74,3.76,,3.85,3.7900000000000005
2015-09-16,3.78,3.84,3.75,3.79,,3.7,3.7609999999999992
2015-09-17,3.82,3.86,3.81,3.85,,3.71,3.784
2015-09-18,3.82,3.89,3.815,3.88,,3.93,3.817
2015-09-21,3.81,3.83,3.76,3.81,,4.01,3.85
2015-09-22,3.81,3.85,3.79,3.82,,3.81,3.817
2015-09-23,3.75,3.8,3.74,3.76,,3.88,3.818
2015-09-24,3.81,3.88,3.79,3.88,,3.73,3.7779999999999996
2015-09-25,3.87,3.905,3.84,3.87,,3.91,3.808
2015-09-28,3.85,3.94,3.85,3.91,,3.86,3.8590000000000004
2015-09-29,3.81,3.87,3.78,3.81,,4.01,3.8980000000000006
2015-09-30,3.84,3.91,3.81,3.9,,3.8,3.8519999999999994
2015-10-01,3.91,4.01,3.89,3.98,,4.04,3.8649999999999998
2015-10-02,3.91,3.96,3.89,3.93,,4.08,3.947999999999999
2015-10-05,3.99,4.03,3.96,4.01,,3.99,3.946999999999999
2015-10-06,4.03,4.07,4.0,4.0,,4.1099999999999985,3.9849999999999985
2015-10-07,4.03,4.03,3.95,4.0,,4.19,3.9879999999999995
2015-10-08,4.02,4.03,3.935,3.96,,4.1,3.9889999999999994
2015-10-09,4.01,4.01,3.94,3.97,,3.94,3.9770000000000003
2015-10-12,3.94,3.96,3.92,3.94,,4.01,3.974999999999999
2015-10-13,3.93,3.95,3.895,3.94,,3.87,3.946
2015-10-14,3.9,3.93,3.9,3.92,,3.88,3.94
2015-10-15,3.94,3.99,3.93,3.95,,3.84,3.936
2015-10-16,3.98,4.03,3.97,4.01,,3.94,3.947
2015-10-19,4.02,4.02,3.96,3.98,,4.049999999999999,3.9919999999999995
2015-10-20,4.0,4.05,3.995,4.0,,4.02,3.9889999999999994
2015-10-21,3.98,4.02,3.96,3.99,,4.0600000000000005,3.9979999999999998
2015-10-22,3.98,4.03,3.98,4.02,,4.0600000000000005,3.9910000000000005
2015-10-23,4.09,4.14,4.085,4.12,,4.089999999999999,4.003
2015-10-26,4.15,4.15,4.11,4.14,,4.23,4.083
2015-10-27,4.13,4.17,4.12,4.16,,4.299999999999999,4.103
2015-10-28,4.16,4.19,4.15,4.16,,4.32,4.142999999999999
2015-10-29,4.16,4.205,4.15,4.16,,4.33,4.142999999999999
2015-10-30,4.14,4.17,4.13,4.14,,4.300000000000002,4.159999999999999
2015-11-02,4.12,4.15,4.08,4.11,,4.159999999999998,4.144
2015-11-03,4.14,4.16,4.09,4.11,,4.080000000000001,4.124
2015-11-04,4.18,4.205,4.15,4.16,,4.0600000000000005,4.118
2015-11-05,4.15,4.15,4.09,4.1,,4.16,4.1530000000000005
2015-11-06,4.11,4.13,4.07,4.09,,4.039999999999999,4.1129999999999995
2015-11-09,4.05,4.07,3.99,4.02,,4.04,4.090000000000001
2015-11-10,3.99,4.0,3.88,3.95,,3.929999999999999,4.055
2015-11-11,4.0,4.0,3.915,3.94,,3.79,3.964
2015-11-12,3.92,3.95,3.9,3.93,,3.72,3.9570000000000007
2015-11-13,3.86,3.955,3.86,3.91,,3.7600000000000007,3.936
2015-11-16,3.85,3.92,3.85,3.9,,3.73,3.9170000000000003
2015-11-17,3.93,3.99,3.89,3.99,,3.78,3.905
2015-11-18,3.95,4.03,3.95,3.99,,4.03,3.9580000000000006
2015-11-19,4.03,4.08,4.0,4.05,,4.040000000000001,3.967
2015-11-20,4.05,4.11,4.04,4.1,,4.17,4.031999999999999
2015-11-23,4.12,4.16,4.1,4.11,,4.289999999999999,4.058999999999999
2015-11-24,4.11,4.12,4.075,4.09,,4.32,4.0969999999999995
2015-11-25,4.08,4.1,4.03,4.03,,4.19,4.09
2015-11-26,4.06,4.09,4.02,4.02,,4.07,4.044000000000001
2015-11-27,4.06,4.08,4.04,4.06,,3.9899999999999993,4.029999999999999
2015-11-30,4.06,4.09,4.0,4.0,,4.02,4.0569999999999995
2015-12-01,4.05,4.16,4.02,4.14,,3.89,4.020999999999999
2015-12-02,4.15,4.15,4.09,4.09,,4.19,4.112
2015-12-03,4.08,4.12,4.05,4.1,,4.15,4.0969999999999995
2015-12-04,4.04,4.09,4.035,4.08,,4.18,4.107
2015-12-07,4.14,4.155,4.11,4.13,,4.1000000000000005,4.087999999999999
2015-12-08,4.1,4.165,4.1,4.14,,4.26,4.116999999999999
2015-12-09,4.1,4.15,4.09,4.11,,4.14,4.133
2015-12-10,4.12,4.16,4.06,4.07,,4.130000000000001,4.127000000000001
2015-12-11,4.08,4.11,4.04,4.07,,4.040000000000001,4.0840000000000005
2015-12-14,4.06,4.09,3.99,4.02,,4.0600000000000005,4.07
2015-12-15,4.0,4.05,3.99,4.01,,3.9099999999999993,4.044999999999999
2015-12-16,4.03,4.14,4.03,4.14,,3.88,4.017999999999999
2015-12-17,4.11,4.16,4.09,4.1,,4.169999999999999,4.089
2015-12-18,4.06,4.16,4.02,4.14,,4.129999999999999,4.112
2015-12-21,4.11,4.15,4.09,4.11,,4.209999999999999,4.136
2015-12-22,4.14,4.165,4.1,4.14,,4.200000000000001,4.121
2015-12-23,4.14,4.195,4.12,4.13,,4.27,4.1339999999999995
2015-12-24,4.18,4.18,4.12,4.16,,4.12,4.133
2015-12-29,4.19,4.28,4.16,4.26,,4.2200000000000015,4.1579999999999995
2015-12-30,4.32,4.32,4.23,4.25,,4.38,4.239999999999999
2015-12-31,4.25,4.29,4.18,4.19,,4.39,4.254
2016-01-04,4.165,4.27,4.15,4.17,,4.240000000000001,4.202
2016-01-05,4.13,4.2,4.12,4.13,,4.21,4.184
2016-01-06,4.15,4.17,4.13,4.15,,4.1,4.16
2016-01-07,4.17,4.19,4.1,4.11,,4.040000000000001,4.148
2016-01-08,4.08,4.14,4.07,4.13,,3.9700000000000006,4.118
2016-01-11,4.07,4.13,4.05,4.1,,4.0699999999999985,4.122
2016-01-12,4.14,4.18,4.12,4.15,,4.0299999999999985,4.113
2016-01-13,4.15,4.22,4.12,4.21,,4.170000000000001,4.132
2016-01-14,4.11,4.18,4.1,4.15,,4.27,4.200000000000001
2016-01-15,4.18,4.21,4.1,4.13,,4.19,4.180000000000001
2016-01-18,4.08,4.13,4.06,4.11,,4.13,4.15
2016-01-19,4.11,4.18,4.1,4.16,,4.120000000000001,4.119999999999999
2016-01-20,4.16,4.26,4.14,4.21,,4.17,4.1370000000000005
2016-01-21,4.26,4.26,4.19,4.2,,4.21,4.195
2016-01-22,4.19,4.285,4.16,4.23,,4.25,4.203000000000001
2016-01-25,4.28,4.28,4.2,4.27,,4.330000000000001,4.222000000000001
2016-01-27,4.27,4.34,4.25,4.31,,4.429999999999999,4.252
2016-01-28,4.32,4.37,4.265,4.34,,4.459999999999999,4.284000000000001
2016-01-29,4.34,4.36,4.28,4.35,,4.47,4.3340000000000005
2016-02-01,4.37,4.4,4.32,4.35,,4.499999999999999,4.343000000000001
2016-02-02,4.36,4.39,4.32,4.35,,4.469999999999999,4.349000000000001
2016-02-03,4.3,4.38,4.3,4.32,,4.43,4.3500000000000005
2016-02-04,4.33,4.4,4.305,4.4,,4.330000000000001,4.32
2016-02-05,4.37,4.41,4.34,4.41,,4.460000000000001,4.3839999999999995
2016-02-08,4.35,4.43,4.335,4.42,,4.4700000000000015,4.405999999999999
2016-02-09,4.35,4.405,4.34,4.37,,4.49,4.418000000000001
2016-02-10,4.35,4.39,4.31,4.35,,4.3900000000000015,4.385
2016-02-11,4.26,4.35,4.24,4.34,,4.379999999999999,4.356
2016-02-12,4.3,4.41,4.3,4.35,,4.2799999999999985,4.345000000000001
2016-02-15,4.38,4.4,4.32,4.4,,4.289999999999999,4.349
2016-02-16,4.45,4.54,4.37,4.54,,4.380000000000001,4.395
2016-02-17,4.54,4.54,4.42,4.44,,4.71,4.450999999999999
2016-02-18,4.49,4.53,4.46,4.52,,4.530000000000001,4.431
2016-02-19,4.5,4.55,4.47,4.51,,4.699999999999998,4.504
2016-02-22,4.51,4.585,4.5,4.56,,4.67,4.515
2016-02-23,4.53,4.54,4.45,4.47,,4.719999999999999,4.549999999999999
2016-02-24,4.44,4.5,4.42,4.43,,4.4,4.4879999999999995
2016-02-25,4.46,4.475,4.41,4.44,,4.419999999999999,4.449999999999999
2016-02-26,4.42,4.44,4.35,4.42,,4.360000000000001,4.444999999999999
2016-02-29,4.42,4.505,4.34,4.37,,4.33,4.420000000000001
2016-03-01,4.35,4.45,4.35,4.41,,4.1800000000000015,4.385
2016-03-02,4.48,4.48,4.425,4.43,,4.3500000000000005,4.404000000000001
2016-03-03,4.45,4.47,4.415,4.45,,4.43,4.422
2016-03-04,4.43,4.43,4.31,4.31,,4.46,4.433999999999999
2016-03-07,4.31,4.33,4.24,4.26,,4.199999999999998,4.343999999999999
2016-03-08,4.32,4.4,4.28,4.39,,4.15,4.284999999999999
2016-03-09,4.4,4.44,4.36,4.41,,4.369999999999999,4.356
2016-03-10,4.53,4.545,4.41,4.41,,4.3900000000000015,4.406000000000001
2016-03-11,4.44,4.505,4.43,4.44,,4.37,4.409999999999999
2016-03-14,4.44,4.44,4.3,4.33,,4.570000000000001,4.428
2016-03-15,4.35,4.38,4.29,4.35,,4.4,4.359999999999999
2016-03-16,4.33,4.38,4.315,4.35,,4.31,4.346
2016-03-17,4.38,4.4,4.36,4.38,,4.289999999999999,4.348000000000001
2016-03-18,4.38,4.39,4.33,4.36,,4.35,4.368
2016-03-21,4.35,4.38,4.33,4.34,,4.28,4.368
2016-03-22,4.32,4.36,4.32,4.34,,4.35,4.351000000000001
2016-03-23,4.36,4.38,4.33,4.34,,4.33,4.345000000000001
2016-03-24,4.34,4.36,4.32,4.33,,4.33,4.340000000000001
2016-03-29,4.35,4.37,4.27,4.3,,4.28,4.334
2016-03-30,4.36,4.39,4.35,4.39,,4.239999999999998,4.310999999999999
2016-03-31,4.41,4.45,4.39,4.44,,4.44,4.381
2016-04-01,4.38,4.41,4.32,4.35,,4.540000000000001,4.42
2016-04-04,4.36,4.395,4.34,4.35,,4.3599999999999985,4.390000000000001
2016-04-05,4.36,4.38,4.3,4.33,,4.369999999999999,4.381
2016-04-06,4.34,4.39,4.31,4.39,,4.36,4.3469999999999995
2016-04-07,4.39,4.44,4.38,4.41,,4.39,4.368
2016-04-08,4.38,4.44,4.36,4.43,,4.38,4.401999999999999
2016-04-11,4.41,4.45,4.4,4.44,,4.51,4.414
2016-04-12,4.4,4.5,4.4,4.47,,4.530000000000001,4.422
2016-04-13,4.46,4.53,4.43,4.53,,4.6099999999999985,4.4559999999999995
2016-04-14,4.58,4.65,4.5,4.58,,4.670000000000001,4.496
2016-04-15,4.58,4.59,4.53,4.55,,4.75,4.552999999999999
2016-04-18,4.58,4.67,4.545,4.59,,4.67,4.542999999999999
2016-04-19,4.63,4.65,4.58,4.6,,4.739999999999998,4.577000000000001
2016-04-20,4.6,4.62,4.56,4.61,,4.73,4.591
2016-04-21,4.63,4.63,4.485,4.52,,4.69,4.608
2016-04-22,4.5,4.55,4.49,4.53,,4.459999999999999,4.546
2016-04-26,4.59,4.63,4.57,4.61,,4.510000000000002,4.535000000000001
2016-04-27,4.63,4.71,4.58,4.66,,4.630000000000001,4.577
2016-04-28,4.72,4.72,4.64,4.7,,4.7200000000000015,4.641999999999999
2016-04-29,4.7,4.725,4.68,4.69,,4.79,4.6659999999999995
2016-05-02,4.72,4.74,4.67,4.69,,4.860000000000001,4.664
2016-05-03,4.69,4.81,4.68,4.77,,4.8500000000000005,4.661999999999999
2016-05-04,4.83,4.83,4.76,4.76,,4.929999999999999,4.731999999999999
2016-05-05,4.73,4.8,4.73,4.75,,4.8599999999999985,4.741999999999999
2016-05-06,4.66,4.73,4.66,4.68,,4.8,4.741
2016-05-09,4.65,4.67,4.63,4.65,,4.669999999999999,4.686999999999999
2016-05-10,4.66,4.72,4.66,4.69,,4.61,4.659
2016-05-11,4.7,4.72,4.6,4.6,,4.610000000000001,4.674
2016-05-12,4.57,4.58,4.54,4.57,,4.44,4.622999999999999
2016-05-13,4.62,4.65,4.6,4.62,,4.3900000000000015,4.588
2016-05-16,4.63,4.66,4.62,4.64,,4.5600000000000005,4.603
2016-05-17,4.66,4.71,4.66,4.7,,4.629999999999999,4.625
2016-05-18,4.7,4.7,4.65,4.69,,4.71,4.692000000000001
2016-05-19,4.74,4.74,4.64,4.69,,4.780000000000001,4.694000000000001
2016-05-20,4.69,4.7,4.635,4.66,,4.8100000000000005,4.691
2016-05-23,4.64,4.66,4.6,4.61,,4.7,4.6850000000000005
2016-05-24,4.59,4.63,4.59,4.61,,4.580000000000001,4.65
2016-05-25,4.65,4.695,4.64,4.64,,4.5200000000000005,4.626
2016-05-26,4.64,4.65,4.57,4.63,,4.589999999999999,4.634
2016-05-27,4.65,4.7,4.62,4.64,,4.5699999999999985,4.6290000000000004
2016-05-30,4.65,4.68,4.63,4.67,,4.619999999999999,4.638
2016-05-31,4.65,4.66,4.62,4.66,,4.73,4.658
2016-06-01,4.63,4.64,4.58,4.61,,4.71,4.661000000000001
2016-06-02,4.59,4.645,4.57,4.59,,4.580000000000001,4.634
2016-06-03,4.63,4.65,4.61,4.61,,4.55,4.597000000000001
2016-06-06,4.64,4.69,4.6,4.67,,4.580000000000001,4.604000000000001
2016-06-07,4.69,4.7,4.63,4.64,,4.67,4.636000000000001
2016-06-08,4.65,4.71,4.64,4.69,,4.619999999999999,4.646000000000001
2016-06-09,4.69,4.72,4.67,4.7,,4.7700000000000005,4.676
2016-06-10,4.71,4.72,4.69,4.7,,4.8100000000000005,4.692
2016-06-14,4.67,4.705,4.65,4.67,,4.79,4.699000000000001
2016-06-15,4.68,4.72,4.65,4.68,,4.67,4.673000000000001
2016-06-16,4.72,4.735,4.65,4.71,,4.72,4.678000000000001
2016-06-17,4.71,4.73,4.67,4.73,,4.73,4.702
2016-06-20,4.75,4.75,4.67,4.72,,4.760000000000002,4.722000000000001
2016-06-21,4.69,4.745,4.675,4.72,,4.739999999999998,4.72
2016-06-22,4.71,4.77,4.71,4.72,,4.77,4.720999999999999
2016-06-23,4.72,4.77,4.71,4.73,,4.76,4.720999999999999
2016-06-24,4.74,4.76,4.61,4.67,,4.750000000000001,4.7280000000000015
2016-06-27,4.62,4.825,4.6,4.8,,4.6099999999999985,4.700000000000001
2016-06-28,4.74,4.82,4.74,4.79,,4.88,4.741
2016-06-29,4.83,4.83,4.83,4.83,,4.86,4.779999999999999
2016-06-30,4.86,5.0,4.84,4.92,,4.94,4.795
2016-07-01,4.92,5.02,4.92,4.97,,5.1099999999999985,4.867
2016-07-04,4.97,5.03,4.95,5.03,,5.27,4.919
2016-07-05,5.03,5.045,4.95,5.02,,5.260000000000002,4.982000000000001
2016-07-06,5.01,5.045,4.95,5.01,,5.249999999999999,5.002
2016-07-07,5.04,5.08,5.015,5.07,,5.19,5.011999999999999
2016-07-08,5.1,5.11,5.08,5.11,,5.2200000000000015,5.052999999999999
2016-07-11,5.17,5.25,5.15,5.25,,5.250000000000001,5.083
2016-07-12,5.28,5.28,5.19,5.21,,5.47,5.199
2016-07-13,5.23,5.23,5.18,5.22,,5.4,5.1930000000000005
2016-07-14,5.22,5.26,5.21,5.22,,5.43,5.206999999999999
2016-07-15,5.21,5.21,5.15,5.16,,5.369999999999999,5.207999999999999
2016-07-18,5.16,5.235,5.155,5.22,,5.21,5.178
2016-07-19,5.22,5.22,5.19,5.2,,5.19,5.208
2016-07-20,5.24,5.3,5.22,5.3,,5.19,5.200000000000001
2016-07-21,5.35,5.35,5.26,5.26,,5.38,5.24
2016-07-22,5.27,5.3,5.23,5.26,,5.3,5.2639999999999985
2016-07-25,5.31,5.33,5.25,5.25,,5.3599999999999985,5.259999999999999
2016-07-26,5.29,5.355,5.24,5.35,,5.28,5.255
2016-07-27,5.37,5.37,5.26,5.33,,5.499999999999999,5.322000000000001
2016-07-28,5.34,5.37,5.31,5.37,,5.36,5.328
2016-07-29,5.38,5.42,5.29,5.3,,5.48,5.359999999999999
2016-08-01,5.28,5.36,5.28,5.34,,5.34,5.311999999999999
2016-08-02,5.35,5.39,5.28,5.3,,5.43,5.335000000000001
2016-08-03,5.23,5.285,5.22,5.24,,5.25,5.311
2016-08-04,5.25,5.28,5.23,5.26,,5.15,5.264
2016-08-05,5.3,5.3,5.205,5.21,,5.15,5.254
2016-08-08,5.28,5.29,5.21,5.21,,5.12,5.228
2016-08-09,5.18,5.185,5.12,5.13,,5.08,5.213
2016-08-10,5.12,5.17,5.11,5.15,,4.96,5.170000000000001
2016-08-11,5.11,5.19,5.11,5.13,,5.0600000000000005,5.166
2016-08-12,5.08,5.09,4.97,5.01,,5.0,5.140000000000001
2016-08-15,5.0,5.08,4.995,5.05,,4.81,5.045999999999999
2016-08-16,5.06,5.11,5.04,5.04,,4.89,5.033999999999999
2016-08-17,5.09,5.09,5.03,5.06,,4.95,5.029999999999999
2016-08-18,5.08,5.08,5.0,5.04,,4.969999999999999,5.051
2016-08-19,5.05,5.06,5.02,5.04,,4.95,5.046
2016-08-22,5.01,5.075,5.005,5.07,,5.07,5.042
2016-08-23,5.03,5.115,5.02,5.06,,5.090000000000002,5.064
2016-08-24,5.06,5.1,5.02,5.09,,5.079999999999999,5.061
2016-08-25,5.09,5.16,5.085,5.14,,5.12,5.079000000000001
2016-08-26,5.06,5.09,5.04,5.06,,5.239999999999998,5.101999999999999
2016-08-29,5.03,5.035,4.92,4.94,,5.079999999999999,5.087999999999999
2016-08-30,4.99,5.035,4.96,5.0,,4.8100000000000005,5.005
2016-08-31,5.0,5.025,4.94,4.97,,4.94,5.007
2016-09-01,4.97,5.0,4.93,4.95,,4.85,4.975999999999999
2016-09-02,4.9,4.94,4.88,4.89,,4.760000000000002,4.962000000000001
2016-09-05,4.88,4.93,4.87,4.9,,4.72,4.913
2016-09-06,4.86,4.89,4.82,4.84,,4.86,4.9030000000000005
2016-09-07,4.84,4.84,4.66,4.67,,4.68,4.857
2016-09-08,4.63,4.73,4.63,4.73,,4.37,4.766
2016-09-09,4.68,4.7,4.565,4.59,,4.510000000000002,4.746
2016-09-12,4.5,4.53,4.46,4.46,,4.29,4.640000000000001
2016-09-13,4.5,4.54,4.43,4.45,,4.02,4.547
2016-09-14,4.44,4.55,4.385,4.55,,4.0600000000000005,4.4510000000000005
2016-09-15,4.55,4.57,4.485,4.55,,4.43,4.520999999999999
2016-09-16,4.55,4.62,4.54,4.59,,4.369999999999999,4.549999999999999
2016-09-19,4.6,4.61,4.57,4.59,,4.59,4.574000000000001
2016-09-20,4.54,4.595,4.53,4.54,,4.72,4.590000000000001
2016-09-21,4.56,4.6,4.53,4.57,,4.63,4.555
2016-09-22,4.63,4.66,4.57,4.62,,4.590000000000002,4.568
2016-09-23,4.65,4.76,4.63,4.74,,4.69,4.601999999999999
2016-09-26,4.71,4.8,4.71,4.8,,4.8900000000000015,4.704
2016-09-27,4.77,4.81,4.74,4.79,,5.01,4.734
2016-09-28,4.8,4.81,4.74,4.76,,5.04,4.792
2016-09-29,4.79,4.81,4.74,4.74,,4.949999999999998,4.775999999999999
2016-09-30,4.66,4.74,4.655,4.7,,4.86,4.744000000000001
2016-10-03,4.74,4.79,4.725,4.76,,4.66,4.708000000000001
2016-10-04,4.73,4.75,4.66,4.68,,4.72,4.752
2016-10-05,4.66,4.68,4.56,4.56,,4.5699999999999985,4.704
2016-10-06,4.52,4.62,4.52,4.6,,4.3599999999999985,4.6160000000000005
2016-10-07,4.64,4.64,4.48,4.51,,4.459999999999999,4.632000000000001
2016-10-10,4.5,4.55,4.48,4.51,,4.3199999999999985,4.561999999999999
2016-10-11,4.5,4.52,4.45,4.52,,4.26,4.528
2016-10-12,4.5,4.54,4.48,4.51,,4.3599999999999985,4.526
2016-10-13,4.51,4.52,4.435,4.5,,4.46,4.510999999999999
2016-10-14,4.51,4.53,4.47,4.49,,4.4,4.505
2016-10-17,4.47,4.49,4.35,4.35,,4.4700000000000015,4.4990000000000006
2016-10-18,4.39,4.455,4.375,4.42,,4.19,4.365
2016-10-19,4.42,4.48,4.42,4.46,,4.32,4.392000000000001
2016-10-20,4.48,4.48,4.4,4.42,,4.41,4.441000000000001
2016-10-21,4.44,4.45,4.36,4.39,,4.34,4.432
2016-10-24,4.36,4.38,4.285,4.31,,4.289999999999999,4.41
2016-10-25,4.35,4.4,4.34,4.37,,4.27,4.386
2016-10-26,4.33,4.35,4.26,4.29,,4.32,4.3660000000000005
2016-10-27,4.27,4.29,4.2,4.2,,4.12,4.324
2016-10-28,4.18,4.2,4.14,4.16,,3.98,4.229
2016-10-31,4.16,4.24,4.16,4.21,,3.9300000000000006,4.194
2016-11-01,4.21,4.27,4.205,4.24,,4.11,4.204000000000001
2016-11-02,4.23,4.305,4.18,4.3,,4.11,4.220000000000001
2016-11-03,4.25,4.32,4.23,4.26,,4.31,4.275999999999999
2016-11-04,4.3,4.35,4.26,4.34,,4.3199999999999985,4.262
2016-11-07,4.36,4.38,4.29,4.33,,4.52,4.2989999999999995
2016-11-08,4.31,4.33,4.26,4.28,,4.45,4.311999999999999
2016-11-09,4.33,4.35,4.16,4.27,,4.32,4.2909999999999995
2016-11-10,4.25,4.265,4.12,4.17,,4.239999999999998,4.283999999999999
2016-11-11,4.15,4.16,4.025,4.1,,4.08,4.2
2016-11-14,4.05,4.09,4.025,4.09,,3.86,4.138
2016-11-15,4.09,4.09,4.05,4.06,,3.85,4.0920000000000005
2016-11-16,4.07,4.12,4.05,4.06,,3.839999999999999,4.074
2016-11-17,4.03,4.14,4.03,4.11,,3.85,4.064
2016-11-18,4.15,4.16,4.09,4.11,,4.050000000000002,4.1000000000000005
2016-11-21,4.15,4.175,4.1,4.12,,4.120000000000001,4.11
2016-11-22,4.16,4.19,4.135,4.14,,4.15,4.115
2016-11-23,4.16,4.22,4.15,4.19,,4.22,4.130999999999999
2016-11-24,4.22,4.225,4.11,4.16,,4.320000000000001,4.168
2016-11-25,4.18,4.19,4.14,4.17,,4.21,4.1659999999999995
2016-11-28,4.19,4.2,4.155,4.17,,4.23,4.169000000000001
2016-11-29,4.19,4.23,4.165,4.21,,4.22,4.170000000000001
2016-11-30,4.23,4.28,4.22,4.24,,4.28,4.19
2016-12-01,4.25,4.25,4.105,4.13,,4.29,4.230000000000001
2016-12-02,4.1,4.15,4.09,4.11,,4.1,4.141
2016-12-05,4.12,4.14,4.08,4.12,,4.050000000000002,4.112
2016-12-06,4.12,4.23,4.08,4.23,,4.07,4.117
2016-12-07,4.25,4.3,4.23,4.28,,4.250000000000001,4.197000000000001
2016-12-08,4.35,4.38,4.32,4.36,,4.32,4.275
2016-12-09,4.37,4.395,4.335,4.35,,4.590000000000002,4.315
2016-12-12,4.37,4.42,4.35,4.4,,4.589999999999999,4.337000000000001
2016-12-13,4.39,4.47,4.39,4.45,,4.6800000000000015,4.364
2016-12-14,4.51,4.54,4.45,4.46,,4.67,4.424
2016-12-15,4.42,4.43,4.35,4.35,,4.64,4.455
2016-12-16,4.37,4.37,4.335,4.36,,4.339999999999999,4.392
2016-12-19,4.38,4.435,4.37,4.38,,4.370000000000001,4.358
2016-12-20,4.39,4.44,4.37,4.38,,4.3599999999999985,4.378
2016-12-21,4.4,4.44,4.395,4.43,,4.31,4.380000000000001
2016-12-22,4.42,4.495,4.4,4.47,,4.4,4.415
2016-12-23,4.49,4.56,4.48,4.56,,4.59,4.452999999999999
2016-12-28,4.55,4.58,4.51,4.57,,4.759999999999999,4.493
2016-12-29,4.58,4.61,4.54,4.6,,4.760000000000002,4.569000000000001
2016-12-30,4.6,4.69,4.59,4.64,,4.8199999999999985,4.588
2017-01-03,4.69,4.71,4.66,4.69,,4.85,4.633
2017-01-04,4.67,4.67,4.585,4.6,,4.910000000000001,4.668
2017-01-05,4.63,4.65,4.58,4.6,,4.64,4.615
2017-01-06,4.56,4.645,4.56,4.64,,4.629999999999999,4.606
2017-01-09,4.67,4.72,4.64,4.69,,4.68,4.622000000000001
2017-01-10,4.67,4.69,4.58,4.62,,4.740000000000001,4.685
2017-01-11,4.61,4.63,4.54,4.55,,4.55,4.654999999999999
2017-01-12,4.55,4.58,4.455,4.46,,4.5,4.5569999999999995
2017-01-13,4.44,4.485,4.41,4.47,,4.32,4.487
2017-01-16,4.47,4.53,4.47,4.52,,4.3,4.483
2017-01-17,4.49,4.52,4.42,4.44,,4.349999999999999,4.51
2017-01-18,4.45,4.51,4.44,4.48,,4.260000000000002,4.4670000000000005
2017-01-19,4.51,4.51,4.42,4.43,,4.410000000000001,4.484
2017-01-20,4.42,4.43,4.395,4.4,,4.4,4.455
2017-01-23,4.47,4.48,4.43,4.45,,4.330000000000001,4.419
2017-01-24,4.45,4.5,4.445,4.49,,4.380000000000001,4.438000000000001
2017-01-25,4.49,4.5,4.385,4.4,,4.54,4.481000000000001
2017-01-27,4.41,4.47,4.41,4.45,,4.32,4.4270000000000005
2017-01-30,4.43,4.45,4.41,4.42,,4.4700000000000015,4.439000000000001
2017-01-31,4.41,4.43,4.37,4.4,,4.44,4.418000000000001
2017-02-01,4.39,4.425,4.37,4.42,,4.3500000000000005,4.404
2017-02-02,4.4,4.415,4.33,4.37,,4.35,4.412000000000001
2017-02-03,4.39,4.44,4.39,4.4,,4.34,4.383
2017-02-06,4.42,4.45,4.365,4.39,,4.3500000000000005,4.396
2017-02-07,4.37,4.405,4.35,4.4,,4.3599999999999985,4.3950000000000005
2017-02-08,4.4,4.46,4.39,4.45,,4.4,4.3999999999999995
2017-02-09,4.48,4.55,4.47,4.55,,4.48,4.426
2017-02-10,4.56,4.57,4.48,4.53,,4.73,4.489
2017-02-13,4.44,4.47,4.39,4.43,,4.66,4.524
2017-02-14,4.45,4.51,4.44,4.47,,4.47,4.514
2017-02-15,4.5,4.515,4.44,4.45,,4.539999999999999,4.484
2017-02-16,4.47,4.48,4.405,4.42,,4.45,4.470000000000001
2017-02-17,4.44,4.5,4.43,4.49,,4.29,4.444000000000001
2017-02-20,4.48,4.51,4.435,4.5,,4.45,4.461000000000001
2017-02-21,4.51,4.51,4.435,4.45,,4.57,4.479000000000001
2017-02-22,4.39,4.44,4.38,4.42,,4.4300000000000015,4.454000000000001
2017-02-23,4.43,4.45,4.38,4.39,,4.39,4.454000000000001
2017-02-24,4.38,4.39,4.33,4.35,,4.3599999999999985,4.39
2017-02-27,4.32,4.395,4.29,4.36,,4.209999999999999,4.362
2017-02-28,4.35,4.4,4.3,4.36,,4.2200000000000015,4.356
2017-03-01,4.35,4.37,4.29,4.34,,4.2700000000000005,4.356
2017-03-02,4.35,4.38,4.31,4.38,,4.26,4.349
2017-03-03,4.35,4.37,4.34,4.36,,4.37,4.376
2017-03-06,4.36,4.39,4.33,4.37,,4.370000000000001,4.3660000000000005
2017-03-07,4.34,4.39,4.33,4.38,,4.38,4.369
2017-03-08,4.35,4.37,4.34,4.36,,4.4,4.380000000000001
2017-03-09,4.35,4.38,4.33,4.34,,4.380000000000001,4.366
2017-03-10,4.36,4.36,4.25,4.26,,4.3,4.348
2017-03-13,4.27,4.27,4.15,4.15,,4.159999999999998,4.297999999999999
2017-03-14,4.17,4.175,4.11,4.11,,3.9300000000000006,4.212
2017-03-15,4.13,4.165,4.12,4.13,,3.8400000000000007,4.196
2017-03-16,4.2,4.26,4.17,4.25,,3.9,4.17
2017-03-17,4.28,4.325,4.26,4.31,,4.16,4.192
2017-03-20,4.29,4.3,4.18,4.19,,4.3599999999999985,4.292
2017-03-21,4.16,4.18,4.125,4.13,,4.23,4.22
2017-03-22,4.11,4.165,4.1,4.14,,4.15,4.154
2017-03-23,4.13,4.16,4.11,4.13,,4.15,4.142
2017-03-24,4.18,4.22,4.16,4.21,,4.01,4.134
2017-03-27,4.19,4.265,4.19,4.26,,4.11,4.202
2017-03-28,4.24,4.33,4.24,4.32,,4.329999999999999,4.237
2017-03-29,4.36,4.36,4.315,4.32,,4.510000000000002,4.285
2017-03-30,4.36,4.405,4.34,4.38,,4.500000000000001,4.303
2017-03-31,4.38,4.38,4.29,4.29,,4.63,4.337999999999999
2017-04-03,4.31,4.36,4.29,4.36,,4.37,4.2989999999999995
2017-04-04,4.37,4.395,4.33,4.38,,4.460000000000001,4.345000000000001
2017-04-05,4.395,4.43,4.38,4.39,,4.44,4.361
2017-04-06,4.4,4.41,4.37,4.4,,4.459999999999999,4.372999999999999
2017-04-07,4.43,4.435,4.38,4.4,,4.420000000000001,4.397
2017-04-10,4.41,4.44,4.4,4.41,,4.510000000000002,4.3999999999999995
2017-04-11,4.4,4.41,4.37,4.37,,4.46,4.406999999999999
2017-04-12,4.39,4.485,4.39,4.47,,4.36,4.378
2017-04-13,4.49,4.52,4.475,4.52,,4.55,4.453999999999999
2017-04-18,4.57,4.57,4.47,4.5,,4.639999999999999,4.505
2017-04-19,4.46,4.47,4.37,4.39,,4.6,4.497999999999999
2017-04-20,4.39,4.44,4.39,4.44,,4.369999999999999,4.42
2017-04-21,4.42,4.47,4.42,4.42,,4.510000000000002,4.444000000000001
2017-04-24,4.41,4.42,4.34,4.35,,4.37,4.436000000000001
2017-04-26,4.31,4.415,4.3,4.4,,4.18,4.381
2017-04-27,4.38,4.4,4.35,4.35,,4.300000000000002,4.390000000000001
2017-04-28,4.35,4.36,4.3,4.31,,4.31,4.360000000000001
2017-05-01,4.3,4.375,4.3,4.34,,4.179999999999999,4.33
2017-05-02,4.36,4.41,4.35,4.41,,4.26,4.333
2017-05-03,4.44,4.44,4.36,4.39,,4.4700000000000015,4.3790000000000004
2017-05-04,4.36,4.38,4.33,4.34,,4.379999999999999,4.381
2017-05-05,4.32,4.33,4.23,4.25,,4.33,4.362
2017-05-08,4.3,4.315,4.24,4.26,,4.19,4.2909999999999995
2017-05-09,4.24,4.27,4.23,4.24,,4.18,4.273
2017-05-10,4.22,4.3,4.22,4.3,,4.07,4.253000000000002
2017-05-11,4.33,4.33,4.28,4.29,,4.21,4.281999999999999
2017-05-12,4.24,4.28,4.23,4.27,,4.24,4.286
2017-05-15,4.24,4.265,4.225,4.23,,4.289999999999999,4.275999999999999
2017-05-16,4.28,4.29,4.25,4.27,,4.200000000000001,4.244
2017-05-17,4.21,4.24,4.16,4.18,,4.299999999999999,4.26
2017-05-18,4.15,4.185,4.12,4.15,,4.06,4.203
2017-05-19,4.15,4.18,4.13,4.16,,4.010000000000002,4.175999999999999
2017-05-22,4.17,4.24,4.15,4.22,,4.050000000000002,4.165000000000001
2017-05-23,4.24,4.25,4.195,4.2,,4.209999999999999,4.202
2017-05-24,4.22,4.225,4.17,4.22,,4.130000000000001,4.191000000000001
2017-05-25,4.25,4.255,4.21,4.24,,4.26,4.205
2017-05-26,4.23,4.28,4.21,4.26,,4.33,4.232000000000001
2017-05-29,4.25,4.26,4.2,4.21,,4.3599999999999985,4.254
2017-05-30,4.19,4.21,4.15,4.2,,4.2,4.225
2017-05-31,4.2,4.26,4.17,4.26,,4.2,4.215
2017-06-01,4.26,4.3,4.255,4.29,,4.3,4.247999999999999
2017-06-02,4.34,4.365,4.305,4.35,,4.34,4.284
2017-06-05,4.37,4.4,4.35,4.37,,4.44,4.344
2017-06-06,4.35,4.35,4.265,4.27,,4.53,4.36
2017-06-07,4.25,4.255,4.19,4.23,,4.339999999999999,4.296
2017-06-08,4.19,4.215,4.165,4.2,,4.200000000000001,4.238000000000001
2017-06-09,4.19,4.21,4.18,4.18,,4.11,4.2090000000000005
2017-06-13,4.19,4.27,4.185,4.27,,4.01,4.196000000000001
2017-06-14,4.28,4.3,4.235,4.3,,4.169999999999999,4.252
2017-06-15,4.3,4.345,4.28,4.33,,4.33,4.2909999999999995
2017-06-16,4.33,4.39,4.325,4.37,,4.43,4.318
2017-06-19,4.37,4.41,4.36,4.4,,4.54,4.347999999999999
2017-06-20,4.33,4.36,4.27,4.28,,4.620000000000001,4.3839999999999995
2017-06-21,4.21,4.22,4.17,4.19,,4.290000000000001,4.304
2017-06-22,4.17,4.2,4.14,4.16,,4.080000000000001,4.255999999999999
2017-06-23,4.16,4.17,4.135,4.15,,3.99,4.184
2017-06-26,4.16,4.19,4.13,4.13,,3.9300000000000006,4.164
2017-06-27,4.13,4.155,4.08,4.14,,3.86,4.132
2017-06-28,4.13,4.16,4.115,4.15,,3.9999999999999987,4.138
2017-06-29,4.17,4.17,4.13,4.16,,4.11,4.147
2017-06-30,4.1,4.11,4.02,4.05,,4.16,4.156
2017-07-03,4.06,4.06,3.98,3.99,,3.9499999999999993,4.090999999999999
2017-07-04,4.04,4.095,4.01,4.09,,3.850000000000001,4.035
2017-07-05,4.08,4.09,4.02,4.03,,4.04,4.066000000000001
2017-07-06,4.03,4.07,4.01,4.06,,3.91,4.040000000000001
2017-07-07,4.03,4.06,3.99,4.04,,3.9599999999999986,4.056
2017-07-10,4.07,4.08,4.03,4.03,,4.03,4.044
2017-07-11,4.0,4.005,3.96,3.97,,4.07,4.033
2017-07-12,3.95,3.97,3.89,3.9,,3.850000000000001,3.9899999999999998
2017-07-13,3.96,3.99,3.94,3.96,,3.77,3.9499999999999993
2017-07-14,3.98,4.02,3.975,4.02,,3.86,3.9579999999999997
2017-07-17,4.0,4.06,4.0,4.02,,3.9999999999999987,3.9909999999999997
2017-07-18,4.06,4.11,4.05,4.09,,4.009999999999999,4.002
2017-07-19,4.14,4.17,4.1,4.14,,4.209999999999999,4.083
2017-07-20,4.17,4.18,4.13,4.13,,4.379999999999999,4.125
2017-07-21,4.09,4.14,4.085,4.12,,4.3,4.126
2017-07-24,4.09,4.11,4.08,4.11,,4.2200000000000015,4.1209999999999996
2017-07-25,4.11,4.14,4.1,4.1,,4.200000000000001,4.113
2017-07-26,4.06,4.08,4.035,4.06,,4.1099999999999985,4.103
2017-07-27,4.06,4.105,4.055,4.08,,3.98,4.0600000000000005
2017-07-28,4.06,4.11,4.055,4.1,,4.03,4.071999999999999
2017-07-31,4.07,4.15,4.06,4.13,,4.079999999999999,4.098000000000001
2017-08-01,4.12,4.23,4.11,4.23,,4.15,4.121
2017-08-02,4.19,4.24,4.13,4.14,,4.360000000000001,4.230000000000001
2017-08-03,4.09,4.135,4.06,4.13,,4.22,4.176
2017-08-04,4.12,4.16,4.115,4.13,,4.18,4.15
2017-08-07,4.15,4.165,4.11,4.13,,4.16,4.130000000000001
2017-08-08,4.14,4.14,4.085,4.12,,4.13,4.130000000000001
2017-08-09,4.1,4.15,4.1,4.12,,4.01,4.122999999999999
2017-08-10,4.13,4.14,4.105,4.13,,4.1000000000000005,4.119999999999999
2017-08-11,3.97,4.01,3.935,4.0,,4.13,4.124999999999999
2017-08-14,3.99,4.03,3.96,3.97,,3.87,4.05
2017-08-15,4.04,4.065,4.0,4.0,,3.810000000000001,4.02
2017-08-16,4.01,4.075,3.99,4.03,,3.88,4.032
2017-08-17,4.06,4.085,4.03,4.04,,3.94,4.024000000000001
2017-08-18,4.0,4.04,4.0,4.01,,3.95,4.029000000000001
2017-08-21,3.99,4.02,3.96,4.0,,4.02,4.016
2017-08-22,4.01,4.045,4.0,4.01,,4.0299999999999985,4.0009999999999994
2017-08-23,4.04,4.04,3.97,3.99,,4.02,4.008999999999999
2017-08-24,3.93,3.99,3.92,3.93,,3.95,3.996
2017-08-25,3.9,3.9,3.81,3.86,,3.82,3.942
2017-08-28,3.87,3.89,3.84,3.87,,3.71,3.901
2017-08-29,3.86,3.87,3.82,3.87,,3.74,3.868
2017-08-30,3.87,3.89,3.84,3.86,,3.73,3.87
2017-08-31,3.88,3.9,3.85,3.86,,3.73,3.8649999999999998
2017-09-01,3.85,3.88,3.83,3.85,,3.79,3.8609999999999998
2017-09-04,3.86,3.89,3.84,3.88,,3.84,3.8560000000000003
2017-09-05,3.88,3.96,3.865,3.95,,3.89,3.88
2017-09-06,3.97,4.01,3.955,3.98,,4.03,3.943
2017-09-07,4.01,4.06,4.005,4.02,,4.1,3.974
2017-09-08,4.03,4.05,4.01,4.05,,4.18,4.004
2017-09-11,4.06,4.08,4.05,4.06,,4.25,4.036999999999999
2017-09-12,4.08,4.13,4.06,4.09,,4.239999999999998,4.0489999999999995
2017-09-13,4.08,4.095,4.04,4.06,,4.23,4.077
2017-09-14,4.05,4.05,4.01,4.04,,4.139999999999999,4.072
2017-09-15,4.04,4.07,4.03,4.05,,4.0600000000000005,4.045999999999999
2017-09-18,4.0,4.06,3.99,4.05,,4.05,4.049999999999999
2017-09-19,4.04,4.06,4.0,4.02,,4.04,4.0489999999999995
2017-09-20,4.0,4.03,3.995,4.01,,3.9499999999999993,4.031999999999999
2017-09-21,4.01,4.01,3.93,3.93,,3.96,4.016999999999999
2017-09-22,3.93,3.96,3.9,3.94,,3.82,3.9550000000000005
2017-09-25,3.97,3.98,3.9,3.9,,3.83,3.939
2017-09-26,3.9,3.95,3.885,3.91,,3.75,3.915
2017-09-27,3.9,3.92,3.9,3.9,,3.8000000000000007,3.9129999999999994
2017-09-28,3.88,3.9,3.86,3.87,,3.79,3.9019999999999997
2017-09-29,3.88,3.93,3.865,3.93,,3.81,3.88
2017-10-02,3.95,3.95,3.91,3.92,,3.92,3.918
2017-10-03,3.92,3.92,3.895,3.9,,3.94,3.9220000000000006
2017-10-04,3.89,3.9,3.82,3.84,,3.89,3.9139999999999993
2017-10-05,3.83,3.86,3.82,3.83,,3.78,3.8560000000000003
2017-10-06,3.84,3.89,3.84,3.89,,3.79,3.8329999999999997
2017-10-09,3.91,3.93,3.9,3.9,,3.85,3.878
2017-10-10,3.89,3.93,3.89,3.9,,3.88,3.8839999999999995
2017-10-11,3.9,3.94,3.9,3.93,,3.9,3.8999999999999995
2017-10-12,3.94,3.96,3.93,3.95,,4.0200000000000005,3.9210000000000003
2017-10-13,3.94,3.96,3.93,3.95,,4.07,3.936
2017-10-16,3.96,3.975,3.95,3.97,,4.01,3.943
2017-10-17,3.99,4.04,3.975,4.03,,4.040000000000001,3.9589999999999996
2017-10-18,4.03,4.1,4.02,4.07,,4.16,4.0040000000000004
2017-10-19,4.09,4.09,4.03,4.04,,4.210000000000001,4.0520000000000005
2017-10-20,4.04,4.075,4.03,4.03,,4.13,4.043
2017-10-23,4.05,4.07,3.98,3.99,,4.11,4.033
2017-10-24,3.99,4.06,3.98,4.04,,4.01,4.007000000000001
2017-10-25,4.04,4.07,4.02,4.04,,4.05,4.027
2017-10-26,4.05,4.06,4.03,4.06,,4.01,4.034
2017-10-27,4.06,4.06,4.0,4.03,,4.079999999999999,4.0520000000000005
2017-10-30,4.05,4.05,3.99,4.0,,4.03,4.033
2017-10-31,4.01,4.03,4.0,4.02,,4.01,4.015000000000001
2017-11-01,4.03,4.055,4.015,4.02,,3.9999999999999987,4.013
2017-11-02,4.04,4.04,3.98,4.0,,3.9999999999999987,4.016
2017-11-03,4.01,4.05,3.99,4.03,,3.94,4.008
2017-11-06,4.04,4.04,3.99,3.99,,4.03,4.024
2017-11-07,4.01,4.05,4.01,4.03,,3.98,3.999000000000001
2017-11-08,4.04,4.09,4.04,4.09,,4.040000000000001,4.026000000000001
2017-11-09,4.1,4.15,4.1,4.14,,4.16,4.0680000000000005
2017-11-10,4.15,4.22,4.15,4.19,,4.2799999999999985,4.103
2017-11-13,4.23,4.25,4.21,4.24,,4.3500000000000005,4.143
2017-11-14,4.18,4.2,4.16,4.175,,4.49,4.194000000000001
2017-11-15,4.19,4.23,4.14,4.14,,4.3199999999999985,4.1895
2017-11-16,4.14,4.165,4.13,4.15,,4.19,4.1435
2017-11-17,4.15,4.15,4.125,4.13,,4.160000000000001,4.146
2017-11-20,4.13,4.16,4.11,4.16,,4.0699999999999985,4.135999999999999
2017-11-21,4.18,4.18,4.145,4.18,,4.08,4.1530000000000005
2017-11-22,4.21,4.21,4.17,4.18,,4.185,4.159
2017-11-23,4.19,4.19,4.13,4.16,,4.22,4.175
2017-11-24,4.14,4.19,4.12,4.19,,4.17,4.164
2017-11-27,4.19,4.21,4.17,4.17,,4.250000000000001,4.189
2017-11-28,4.17,4.23,4.16,4.22,,4.18,4.176
2017-11-29,4.24,4.24,4.215,4.23,,4.26,4.22
2017-11-30,4.23,4.24,4.205,4.23,,4.280000000000001,4.226000000000001
2017-12-01,4.25,4.25,4.21,4.23,,4.300000000000002,4.230000000000001
2017-12-04,4.25,4.25,4.205,4.22,,4.2700000000000005,4.230000000000001
2017-12-05,4.2,4.22,4.18,4.19,,4.27,4.2219999999999995
2017-12-06,4.17,4.23,4.17,4.23,,4.160000000000001,4.2059999999999995
2017-12-07,4.23,4.28,4.23,4.23,,4.23,4.221000000000001
2017-12-08,4.22,4.245,4.21,4.22,,4.23,4.226000000000001
2017-12-11,4.22,4.24,4.18,4.18,,4.209999999999999,4.223999999999999
2017-12-12,4.18,4.38,4.175,4.35,,4.14,4.209999999999999
2017-12-13,4.37,4.445,4.36,4.42,,4.509999999999999,4.290000000000001
2017-12-14,4.44,4.44,4.36,4.37,,4.6099999999999985,4.359
2017-12-15,4.34,4.355,4.28,4.29,,4.51,4.375
2017-12-18,4.29,4.33,4.265,4.3,,4.36,4.322
2017-12-19,4.31,4.34,4.3,4.31,,4.42,4.31
2017-12-20,4.29,4.3,4.265,4.29,,4.27,4.303
2017-12-21,4.21,4.23,4.18,4.21,,4.16,4.294
2017-12-22,4.21,4.24,4.15,4.18,,4.05,4.234
2017-12-27,4.18,4.235,4.17,4.19,,4.0699999999999985,4.197
2017-12-28,4.22,4.22,4.175,4.22,,4.080000000000001,4.188000000000001
2017-12-29,4.2,4.23,4.18,4.19,,4.13,4.211999999999999
2018-01-02,4.18,4.215,4.165,4.18,,4.090000000000002,4.1979999999999995
2018-01-03,4.19,4.205,4.17,4.2,,4.15,4.186999999999999
2018-01-04,4.21,4.22,4.13,4.16,,4.2200000000000015,4.2
2018-01-05,4.16,4.16,4.12,4.15,,4.13,4.175
2018-01-08,4.16,4.18,4.14,4.16,,4.080000000000001,4.156000000000001
2018-01-09,4.16,4.2,4.15,4.17,,4.13,4.155
2018-01-10,4.16,4.16,4.1,4.11,,4.16,4.165000000000001
2018-01-11,4.11,4.12,4.065,4.09,,4.0200000000000005,4.127
2018-01-12,4.08,4.09,4.06,4.08,,4.02,4.101999999999999
2018-01-15,4.07,4.1,4.04,4.07,,4.01,4.093999999999999
2018-01-16,4.05,4.09,4.04,4.05,,3.98,4.077
2018-01-17,4.05,4.115,4.05,4.1,,3.93,4.061
2018-01-18,4.09,4.11,4.06,4.1,,4.089999999999999,4.089
2018-01-19,4.09,4.1,4.06,4.1,,4.1099999999999985,4.090000000000001
2018-01-22,4.09,4.1,4.05,4.06,,4.119999999999999,4.0920000000000005
2018-01-23,4.08,4.09,4.06,4.08,,4.049999999999999,4.068
2018-01-24,4.09,4.11,4.08,4.09,,4.11,4.074
2018-01-25,4.07,4.12,4.07,4.11,,4.08,4.085
2018-01-29,4.11,4.11,4.04,4.05,,4.120000000000001,4.098999999999999
2018-01-30,4.03,4.08,4.02,4.04,,4.0,4.078
2018-01-31,4.04,4.15,4.04,4.15,,4.0200000000000005,4.055999999999999
2018-02-01,4.16,4.19,4.13,4.15,,4.2200000000000015,4.117999999999999
2018-02-02,4.11,4.14,4.06,4.11,,4.210000000000001,4.138999999999999
2018-02-05,4.06,4.095,4.03,4.06,,4.11,4.122
2018-02-06,3.98,4.005,3.895,3.93,,4.0699999999999985,4.093
2018-02-07,3.92,3.98,3.92,3.94,,3.82,3.965
2018-02-08,3.91,3.985,3.91,3.96,,3.73,3.957
2018-02-09,3.9,3.945,3.87,3.94,,3.77,3.974
2018-02-12,3.92,3.93,3.89,3.91,,3.77,3.942
2018-02-13,3.83,3.84,3.775,3.83,,3.7600000000000007,3.9129999999999994
2018-02-14,3.83,3.84,3.755,3.76,,3.73,3.854
2018-02-15,3.71,3.77,3.7,3.73,,3.58,3.7889999999999993
2018-02-16,3.755,3.79,3.75,3.77,,3.5,3.7769999999999997
2018-02-19,3.77,3.83,3.76,3.81,,3.6,3.7529999999999992
2018-02-20,3.79,3.84,3.77,3.82,,3.71,3.8009999999999997
2018-02-21,3.91,3.93,3.87,3.89,,3.81,3.818
2018-02-22,3.89,3.89,3.79,3.81,,4.0200000000000005,3.868
2018-02-23,3.88,3.89,3.83,3.84,,3.89,3.8200000000000003
2018-02-26,3.89,3.93,3.86,3.92,,3.91,3.8349999999999995
2018-02-27,3.95,3.95,3.885,3.9,,4.0299999999999985,3.909000000000001
2018-02-28,3.9,3.9,3.805,3.84,,3.98,3.904
2018-03-01,3.84,3.88,3.83,3.88,,3.79,3.876
2018-03-02,3.88,3.89,3.85,3.86,,3.95,3.874
2018-03-05,3.85,3.895,3.845,3.86,,3.88,3.864
2018-03-06,3.9,3.925,3.85,3.87,,3.8,3.8600000000000003
2018-03-07,3.89,3.89,3.87,3.88,,3.84,3.867
2018-03-08,3.88,3.91,3.85,3.9,,3.92,3.88
2018-03-09,3.88,3.93,3.86,3.92,,3.92,3.8939999999999997
2018-03-12,3.94,3.95,3.9,3.92,,3.98,3.908
2018-03-13,3.93,3.96,3.92,3.96,,3.98,3.9140000000000006
2018-03-14,3.95,3.97,3.89,3.89,,4.05,3.932000000000001
2018-03-15,3.88,3.91,3.88,3.89,,3.9,3.91
2018-03-16,3.9,3.95,3.9,3.95,,3.88,3.897
2018-03-19,3.98,4.02,3.97,4.02,,3.98,3.9330000000000007
2018-03-20,4.0,4.01,3.96,3.97,,4.119999999999999,4.007
2018-03-21,3.97,3.97,3.88,3.95,,3.98,3.9849999999999994
2018-03-22,3.89,3.9,3.835,3.86,,4.01,3.9539999999999997
2018-03-23,3.82,3.86,3.81,3.83,,3.83,3.8869999999999996
2018-03-26,3.78,3.83,3.77,3.82,,3.71,3.848
2018-03-27,3.8,3.83,3.78,3.81,,3.62,3.8240000000000003
2018-03-28,3.81,3.87,3.81,3.83,,3.65,3.818
2018-03-29,3.84,3.88,3.815,3.83,,3.71,3.8239999999999994
2018-04-03,3.82,3.84,3.8,3.8,,3.8,3.8269999999999995
2018-04-04,3.83,3.895,3.8,3.89,,3.77,3.815
2018-04-05,3.9,3.95,3.89,3.92,,3.96,3.875
2018-04-06,3.93,3.95,3.91,3.94,,4.0299999999999985,3.9110000000000005
2018-04-09,3.92,3.93,3.91,3.91,,4.05,3.928
2018-04-10,3.91,3.95,3.91,3.95,,3.99,3.911
2018-04-11,3.92,3.94,3.89,3.92,,4.1000000000000005,3.9410000000000003
2018-04-12,3.89,3.92,3.86,3.88,,3.95,3.9330000000000007
2018-04-13,3.87,3.93,3.85,3.88,,3.84,3.8950000000000005
2018-04-16,3.89,3.895,3.86,3.89,,3.82,3.8840000000000003
2018-04-17,3.89,3.91,3.87,3.88,,3.87,3.8890000000000007
