Date,Open,High,Low,Close,Volume,tech_per_change,ML_RF,ML_NN,ML_LSTM
2016-02-03,4.0,1.02,0.97,1.0,6389526,,,,
2016-02-04,1.0,0.9996,0.9506,0.98,6389526,,,,
2016-02-05,0.98,1.079568,1.026648,1.0584,6389526,,,,
2016-02-08,1.0584,1.079568,1.026648,1.0584,6389526,,,,
2016-02-09,1.0584,0.98240688,0.93424968,0.963144,6389526,,,,
2016-02-10,0.963144,1.002055018,0.9529346740000001,0.98240688,6389526,,,,
2016-02-11,0.98240688,1.012075568,0.96246402,0.9922309490000001,6389526,0.96481376,,,
2016-02-12,0.9922309490000001,0.9614717890000001,0.9143408190000001,0.942619401,6389526,1.0044618980000002,,,
2016-02-15,0.942619401,0.9903159429999999,0.9417710440000001,0.970897983,6389526,0.8268388019999999,,,
2016-02-16,0.970897983,0.960606465,0.913517913,0.9417710440000001,6389526,0.8833959659999999,,,
2016-02-17,0.9417710440000001,0.9894246590000001,0.94092345,0.970024175,6389526,0.9203980880000002,,,
2016-02-18,0.970024175,1.058684385,1.006788091,1.037925867,6389526,0.95764147,,,
2016-02-19,1.037925867,1.111618604,1.0571274959999999,1.0898221609999998,6389526,1.083620785,,,
2016-02-22,1.0898221609999998,1.189431906,1.131126421,1.1661097120000001,6389526,1.2370249209999995,,,
2016-02-23,1.1661097120000001,1.284586459,1.221616534,1.259398489,6389526,1.3613214410000003,,,
2016-02-24,1.259398489,1.194665407,1.136103377,1.171240595,6389526,1.577025934,,,
2016-02-25,1.171240595,1.242452023,1.181547512,1.218090219,6389526,1.372457015,,,
2016-02-26,1.218090219,1.354272705,1.287886788,1.327718338,6389526,1.3982545709999998,,,
2016-02-29,1.327718338,1.449071794,1.3780388630000002,1.420658622,6389526,1.565614515,,,
2016-03-01,1.420658622,1.362127487,1.295356532,1.335419105,6389526,1.6752075319999995,,,
2016-03-02,1.335419105,1.294021112,1.230588705,1.2686481490000001,6389526,1.4114397209999998,,,
2016-03-03,1.2686481490000001,1.229320057,1.16905927,1.205215742,6389526,1.3660557030000002,,,
2016-03-04,1.205215742,1.167854054,1.110606306,1.144954955,6389526,1.192341265,,,
2016-03-07,1.144954955,1.249603838,1.188348748,1.225101802,6389526,0.962191572,,,
2016-03-08,1.225101802,1.124643454,1.069513873,1.102591622,6389526,1.029544982,,,
2016-03-09,1.102591622,1.0234255429999999,0.973257624,1.003358376,6389526,0.8697641390000002,1.163846712,2.3591807146310964,
2016-03-10,1.003358376,1.064362565,1.012187929,1.0434927109999999,6389526,0.7380686029999999,1.0453793677999998,2.362870415555782,
2016-03-11,1.0434927109999999,1.170798821,1.1134067220000001,1.147841982,6389526,0.8817696799999997,1.0293354345999997,2.3641414471872766,
2016-03-14,1.147841982,1.170798821,1.1134067220000001,1.147841982,6389526,1.1507290090000002,1.1120121647,2.373146179483961,
2016-03-15,1.147841982,1.205922786,1.1468089240000001,1.182277241,6389526,1.0705821620000002,1.1374070549,2.358520697784628,
2016-03-16,1.182277241,1.266218925,1.20414937,1.241391103,6389526,1.26196286,1.1580682103,2.3769802749287265,
2016-03-17,1.241391103,1.35485425,1.2884398259999998,1.32828848,6389526,1.47942383,1.2167698926,2.3980765510184683,
2016-03-18,1.32828848,1.395499878,1.327093021,1.368137135,6389526,1.6130842490000004,1.2963078807,2.4256121281371565,
2016-03-21,1.368137135,1.47922987,1.406718602,1.4502253630000002,6389526,1.588432288,1.3601674039999998,2.454184003903805,
2016-03-22,1.4502253630000002,1.5679836619999998,1.491121718,1.537238885,6389526,1.7526087440000002,1.4134052062999998,2.4889654299635744,
2016-03-23,1.537238885,1.6777425190000002,1.595500238,1.644845607,6389526,1.8922005290000001,1.5111348284000001,2.530411774565836,
2016-03-24,1.644845607,1.526745692,1.451905217,1.4968095019999998,6389526,2.048300111,1.5736395416,2.5806176779161523,
2016-03-29,1.4968095019999998,1.6336178909999999,1.5535385819999998,1.6015861669999998,6389526,1.6653305239999996,1.5365619196,2.6092092956020405,
2016-03-30,1.6015861669999998,1.6662902480000001,1.5846093540000001,1.6336178909999999,6389526,1.835035199,1.5788050554999995,2.6466667252755083,
2016-03-31,1.6336178909999999,1.6996160530000002,1.616301541,1.6662902480000001,6389526,1.817010419,1.6178566513,2.6841734061031386,
2016-04-01,1.6662902480000001,1.750604535,1.664790587,1.716278956,6389526,1.7953416110000002,1.6467508971,2.721812682319497,
2016-04-04,1.716278956,1.5755440809999999,1.4983115280000001,1.54465106,6389526,1.787712305,1.6797512598000002,2.773678858297187,
2016-04-05,1.54465106,1.638565845,1.55824399,1.6064371030000002,6389526,1.5924926180000003,1.5568149787999999,2.8004904697759003,
2016-04-06,1.6064371030000002,1.556637552,1.48033179,1.526115247,6389526,1.6112880390000006,1.5877080003,2.8303153020514125,
2016-04-07,1.526115247,1.478805675,1.406315201,1.449809485,6389526,1.418612603,1.5458867808,2.8502838990997486,
2016-04-08,1.449809485,1.478805675,1.406315201,1.449809485,6389526,1.233328722,1.4902175566999998,2.860740024614458,
2016-04-11,1.449809485,1.611898186,1.532883569,1.580292339,6389526,1.183340014,1.4498094849999998,2.8687722645206986,
2016-04-12,1.580292339,1.74085004,1.655514254,1.7067157259999999,6389526,1.6159336180000001,1.5150509119999995,2.8868660019141346,
2016-04-13,1.7067157259999999,1.6363990380000002,1.556183399,1.6043127819999998,6389526,1.806994349,1.6814310486000004,2.914639563073817,
2016-04-14,1.6043127819999998,1.767310961,1.680678071,1.732657805,6389526,1.6825103169999998,1.6223913265,2.9302695137643084,
2016-04-15,1.732657805,1.80265718,1.714291632,1.767310961,6389526,2.015506125,1.7045867561,2.9558760634407366,
2016-04-18,1.767310961,1.658444606,1.577148302,1.625926084,6389526,2.084812437,1.7638456454,2.9823790565987767,
2016-04-19,1.625926084,1.658444606,1.577148302,1.625926084,6389526,1.671559829,1.6683415471,2.993192354827937,
2016-04-20,1.625926084,1.791120174,1.703320166,1.756000171,6389526,1.5451364420000002,1.6400645717,3.001965477219804,
2016-04-21,1.756000171,1.898587385,1.805519376,1.861360181,6389526,1.90768756,1.7429927622999997,3.0210973483902075,
2016-04-22,1.861360181,2.0314885019999998,1.931905732,1.9916553940000001,6389526,1.990062557,1.7956727673,3.047994590543181,
2016-04-26,1.9916553940000001,2.2143224669999997,2.1057772480000003,2.170904379,6389526,2.215999827,1.9550603504,3.084670434174269,
2016-04-27,2.170904379,2.302895365,2.190008338,2.257740554,6389526,2.715882674,2.0397894656999997,3.1350838027507137,
2016-04-28,2.257740554,2.072605829,1.9710075040000001,2.031966499,6389526,2.8895550240000003,2.2224484205,3.190050511035828,
2016-04-29,2.031966499,2.031153712,1.9315873540000001,1.991327169,6389526,2.307932827,2.1321387985000007,3.2216974219173418,
2016-05-02,1.991327169,1.8280383409999998,1.738428619,1.792194452,6389526,2.1212941570000003,1.9913599915,3.247411724382464,
2016-05-03,1.792194452,1.937720642,1.842734336,1.899726119,6389526,1.5927335099999995,1.9117069047,3.253501386734098,
2016-05-04,1.899726119,1.976475054,1.8795890219999998,1.937720642,6389526,1.6285478590000002,1.9164532673,3.2673520836961663,
2016-05-05,1.937720642,1.996239805,1.8983849130000001,1.957097848,6389526,1.6177007299999997,1.9301217374,3.2827037711359575,
2016-05-06,1.957097848,2.135976591,2.031271856,2.094094697,6389526,1.882229197,1.9532224068000001,3.2979019905979765,
2016-05-09,2.094094697,2.178696123,2.0718972940000002,2.135976591,6389526,2.1968622250000003,2.0529956423,3.3231234565593755,
2016-05-10,2.135976591,2.287630929,2.175492158,2.242775421,6389526,2.47975873,2.0876362742,3.3498501810327146,
2016-05-11,2.242775421,2.333383548,2.219002001,2.287630929,6389526,2.585824723,2.2172274656,3.38351885557707,
2016-05-12,2.287630929,2.4967203959999997,2.374332142,2.447765094,6389526,2.637541216,2.2458495518,3.4186259597973123,
2016-05-13,2.447765094,2.671490824,2.540535391,2.619108651,6389526,2.9384323400000003,2.4112527102000003,3.4646234607229207,
2016-05-16,2.619108651,2.484486466,2.362697914,2.435771045,6389526,3.144122605,2.5516921674,3.5218069973040187,
2016-05-17,2.435771045,2.3851070080000003,2.268189997,2.338340204,6389526,2.735565499,2.4966908856,3.5611653930849507,
2016-05-18,2.338340204,2.5043623580000003,2.381599497,2.455257214,6389526,2.433904987,2.3871026218000004,3.5904060410416494,
2016-05-19,2.455257214,2.754798594,2.619759447,2.700782935,6389526,2.622883499,2.4580020397999998,3.6268046749690064,
2016-05-20,2.700782935,2.892538524,2.7507474189999996,2.835822082,6389526,2.953800776,2.6154335177,3.6799862043814735,
2016-05-23,2.835822082,2.632210056,2.503180152,2.580598095,6389526,3.052535513,2.7210095780000003,3.7405877780289036,
2016-05-24,2.580598095,2.684854258,2.553243755,2.632210056,6389526,2.725425145,2.5438382178,3.7789304918625115,
2016-05-25,2.632210056,2.631157172,2.50217888,2.579565855,6389526,2.926079908,2.6167264677,3.818896517811144,
2016-05-26,2.579565855,2.736403459,2.602266035,2.682748489,6389526,2.703874496,2.5954623393,3.8527475207264015,
2016-05-27,2.682748489,2.845859598,2.7063566760000004,2.7900584289999997,6389526,2.6647140430000005,2.6520042756,3.892092438349258,
2016-05-30,2.7900584289999997,2.817401002,2.679293109,2.762157845,6389526,2.7442947759999994,2.7368161895999994,3.9369816491049554,
2016-05-31,2.762157845,3.014619072,2.8668436269999997,2.955508894,6389526,2.943717595,2.7387477688,3.977545252581528,
2016-06-01,2.955508894,3.105057644,2.952848936,3.0441741610000004,6389526,3.2788077319999998,2.8616234279000015,4.029523378324555,
2016-06-02,3.0441741610000004,3.105057644,2.952848936,3.0441741610000004,6389526,3.508782467000002,2.9728279028000006,4.085090661816383,
2016-06-03,3.0441741610000004,3.384512832,3.21860534,3.318149835,6389526,3.4055998330000015,2.9905609562000004,4.138010302088138,
2016-06-06,3.318149835,3.21528719,3.057675073,3.152242343,6389526,3.846241241,3.1001512258000004,4.206826682841971,
2016-06-07,3.152242343,3.408204422,3.241135578,3.3413768839999998,6389526,3.5423268410000004,3.1746170232000006,4.261567789105712,
2016-06-08,3.3413768839999998,3.1355480680000003,2.9818447310000002,3.074066733,6389526,3.7272448739999997,3.2468096135000004,4.3261353736616375,
2016-06-09,3.074066733,3.449102875,3.280029204,3.381473407,6389526,3.103959305,3.0975194160000004,4.370671439980256,
2016-06-10,3.381473407,3.7940131619999997,3.608032125,3.719620747,6389526,3.718772653,3.235587631,4.432668637780084,
2016-06-14,3.719620747,3.7940131619999997,3.608032125,3.719620747,6389526,4.121091659,3.4661426358,4.513093283127161,
2016-06-15,3.719620747,3.869893425,3.680192767,3.7940131619999997,6389526,4.286999151,3.6212506116,4.590094995919683,
2016-06-16,3.7940131619999997,4.024689163,3.827400478,3.9457736889999997,6389526,4.24664944,3.7642561960000003,4.668353752839334,
2016-06-17,3.9457736889999997,4.185676729,3.980496497,4.103604636,6389526,4.817480645,3.9154215836,4.752344108289653,
2016-06-20,4.103604636,4.269390264,4.060106427,4.185676729,6389526,4.825735865,4.0410792992,4.8420252721840455,
2016-06-21,4.185676729,4.354778069,4.141308556,4.269390264,6389526,4.651732710999999,4.1048672838,4.932703332676047,
2016-06-22,4.269390264,4.659612534,4.431200155,4.568247582,6389526,4.819159781000001,4.1962955955000005,5.024383456701123,
2016-06-23,4.568247582,4.659612534,4.431200155,4.568247582,6389526,5.342482002,4.3864572655,5.128634168675691,
2016-06-24,4.568247582,4.566420283,4.342576151,4.47688263,6389526,5.190721475,4.508476118399999,5.228662442960097,
2016-06-27,4.47688263,4.475091877,4.255724628,4.387344978,6389526,4.850160624000001,4.4926793742,5.3200263978230105,
2016-06-28,4.387344978,4.609344634,4.383396367,4.518965327,6389526,4.589013227,4.411364567400001,5.403399350144942,
2016-06-29,4.518965327,4.332783956,4.120392585,4.247827407,6389526,4.76854039,4.4447386131,5.490334785937241,
2016-06-30,4.247827407,3.986161239,3.790761178,3.908001215,6389526,3.927407232,4.3486557578000005,5.560816810917943,
2016-07-01,3.908001215,3.986161239,3.790761178,3.908001215,6389526,3.2477548480000005,3.9648893564999996,5.6123575115676525,
2016-07-04,3.908001215,3.627406728,3.449592672,3.556281106,6389526,3.3391197999999997,3.908001215,5.662130795363146,
2016-07-05,3.556281106,3.881325199,3.6910641589999997,3.805220783,6389526,2.7252172340000005,3.6266251277999997,5.69331720077585,
2016-07-06,3.805220783,4.230644466,4.0232599339999995,4.147690653,6389526,3.0914762390000003,3.7657108908,5.735132512085706,
2016-07-07,4.147690653,3.849886464,3.66116654,3.774398495,6389526,4.0475538989999995,4.030333767499998,5.7916799048861165,
2016-07-08,3.774398495,4.042380788,3.844224867,3.9631184189999997,6389526,3.640795775,3.7877587669999997,5.828865412760547,
2016-07-11,3.9631184189999997,4.325347443,4.1133206069999995,4.240536709,6389526,4.018235622999998,3.8821187289999997,5.873498353703682,
2016-07-12,4.240536709,4.584868289,4.360119844,4.494968911,6389526,4.924792311999999,4.0497020222,5.9294419834250425,
2016-07-13,4.494968911,4.676565655,4.447322241,4.584868289,6389526,5.184717039,4.2855868304000015,5.995209691093428,
2016-07-14,4.584868289,4.395971716,4.180482906,4.309776192,6389526,5.0220459250000005,4.508191643799999,6.062955690145882,
2016-07-15,4.309776192,4.17617313,3.971458761,4.094287382,6389526,4.8451538890000005,4.3923038211000005,6.116331026267066,
2016-07-18,4.094287382,4.5937904430000005,4.368604637,4.503716121,6389526,4.225456345,4.1864432347000005,6.158496796950844,
2016-07-19,4.503716121,4.915355774,4.674406962,4.818976248999999,6389526,4.7668955330000005,4.3614935063999996,6.217275979732008,
2016-07-20,4.818976248999999,4.669587985,4.440686614,4.578027437,6389526,5.142983586999999,4.642512462799999,6.287946749568095,
2016-07-21,4.578027437,5.0898509039999995,4.840348409,4.990049906,6389526,4.571186585,4.6019380751,6.346165787770968,
2016-07-22,4.990049906,5.29344494,5.033962345,5.189651902,6389526,5.6703236200000005,4.866443165300001,6.4201256934485285,
2016-07-25,5.189651902,5.187576041,4.933283098,5.0858588639999995,6389526,6.285016421999999,4.946283963700001,6.500226792686214,
2016-07-26,5.0858588639999995,5.4469548439999995,5.179947253,5.340151807,6389526,5.668001606999999,5.0558343289000005,6.573677812478717,
2016-07-27,5.340151807,5.4469548439999995,5.179947253,5.340151807,6389526,5.861327365,5.248813933599999,6.655336806669575,
2016-07-28,5.340151807,5.392485295,5.128147781,5.2867502889999995,6389526,6.102276176999999,5.340151807,6.734617999550882,
2016-07-29,5.2867502889999995,5.554259854,5.281992214,5.445352797999999,6389526,5.583450672000001,5.302770744399999,6.809526952869699,
2016-08-01,5.445352797999999,5.221004263,4.9650726810000005,5.11863163,6389526,5.701053693999999,5.4136322962,6.888527634488482,
2016-08-02,5.11863163,5.116584177,4.865771228,5.0162589980000005,6389526,5.151404396000001,5.250271712200001,6.952752183063949,
2016-08-03,5.0162589980000005,4.656091602,4.427851817,4.564795688,6389526,4.692366189000001,5.155224401199999,7.01134839687506,
2016-08-04,4.564795688,4.330165189,4.11790219,4.24525999,6389526,3.7894395690000007,4.700234681,7.051261360529938,
2016-08-05,4.24525999,4.156958582,3.953186102,4.07544959,6389526,3.2037696910000006,4.4182206002,7.07791751807401,
2016-08-08,4.07544959,4.323236925,4.111313546,4.2384675739999995,6389526,2.7055463820000005,4.158346279799998,7.097182671848474,
2016-08-09,4.2384675739999995,4.193539817,3.98797414,4.111313546,6389526,3.3583035179999987,4.222165775599999,7.121743334095322,
2016-08-10,4.111313546,4.319346012,4.107613364,4.234652953,6389526,3.2063680939999992,4.174890559999999,7.140569105873817,
2016-08-11,4.234652953,4.664893693,4.436222433,4.573425189,6389526,3.904510218,4.2234633986,7.163187708063147,
2016-08-12,4.573425189,4.758191567,4.524946882,4.664893693,6389526,4.901590388,4.539929427499999,7.197664357632022,
2016-08-15,4.664893693,4.472700073,4.2534500689999994,4.385000071,6389526,5.254337796000001,4.6374531418,7.234517226227558,
2016-08-16,4.385000071,4.91997008,4.678795076,4.823500078,6389526,4.531532568000001,4.4506744568,7.259840151068019,
2016-08-17,4.823500078,4.5263724739999995,4.30449147,4.437620072,6389526,5.535686610000001,4.626074459600001,7.300567541888768,
2016-08-18,4.437620072,4.390581299,4.175356726,4.30449147,6389526,4.640587190999999,4.4218340717,7.32586559345622,
2016-08-19,4.30449147,4.829639428999999,4.592892398,4.7349406169999995,6389526,4.0355577510000025,4.3605317708000015,7.3453255827202,
2016-08-22,4.7349406169999995,4.684750246,4.455105626,4.592892398,6389526,4.804987540999999,4.5491306239,7.379838404143219,
2016-08-23,4.592892398,4.8252927539999995,4.588758795,4.73067917,6389526,4.800784725,4.5428326235,7.408101774706881,
2016-08-24,4.73067917,4.777039826,4.542871207,4.683372379,6389526,4.637858262,4.660929190300001,7.440476596683903,
2016-08-25,4.683372379,5.015891818,4.770014768,4.917540998,6389526,4.929124686000001,4.6553590063999994,7.470134480029027,
2016-08-26,4.917540998,5.066050736,4.817714915,4.966716408,6389526,5.530590525999999,4.753343773,7.5073583856169135,
2016-08-29,4.966716408,5.015390228,4.769537766,4.917049243999999,6389526,5.198492199,4.9381951432,7.545304763019932,
2016-08-30,4.917049243999999,4.664312912,4.435670123,4.572855796,6389526,5.241206089999999,4.9220528419499985,7.580400370250514,
2016-08-31,4.572855796,5.130744204,4.879237135,5.030141376,6389526,4.4150324219999995,4.676113830399999,7.602127862639331,
2016-09-01,5.030141376,4.771592109,4.537690535,4.67803148,6389526,5.376910372999999,4.927375046800001,7.6393955381607315,
2016-09-02,4.67803148,4.389864741,4.174675293,4.303788961,6389526,4.438521961999999,4.80835787,7.663074101139343,
2016-09-05,4.303788961,4.126472856,3.924194775,4.045561623999999,6389526,3.640861514000002,4.5239079478000015,7.672568803521893,
2016-09-06,4.045561623999999,4.250267042,4.041920618,4.1669284719999995,6389526,3.1740740039999995,4.0972070914000005,7.672136067168842,
2016-09-07,4.1669284719999995,3.825240338,3.6377285560000003,3.750235625,6389526,3.7610011479999983,4.1199310969,7.675388839358371,
2016-09-08,3.750235625,4.093007161,3.892369555,4.012752119,6389526,2.470329874,3.7919049097000013,7.6630713950017855,
2016-09-09,4.012752119,4.420447734,4.20375912,4.3337722880000005,6389526,3.3474727580000003,3.9077455214,7.659571406006997,
2016-09-12,4.3337722880000005,4.597265644,4.371909485,4.50712318,6389526,4.3637556150000005,4.2112145879,7.666960718673098,
2016-09-13,4.50712318,4.735183613,4.503066769,4.642336875,6389526,4.968684736,4.4056808063,7.67986964163687,
2016-09-14,4.642336875,5.161350138,4.908342778,5.060147194,6389526,5.117745278,4.5573949383,7.696877598952634,
2016-09-15,5.060147194,5.574258148999999,5.301010201,5.46495897,6389526,6.370058762999999,4.7650831744,7.727983439254388,
2016-09-16,5.46495897,5.852971057,5.566060711,5.7382069179999995,6389526,6.917165820999999,5.1333133357,7.772465641263508,
2016-09-19,5.7382069179999995,5.794441346,5.5104001039999995,5.6808248489999995,6389526,7.142641547999999,5.6286199137000015,7.825390815014894,
2016-09-20,5.6808248489999995,5.214997211,4.959360093,5.112742364,6389526,6.854526517999999,5.698039469699999,7.8750147674986914,
2016-09-21,5.112742364,5.058547295,4.81057929,4.959360093,6389526,5.583147853,5.2946435233,7.90370690979868,
2016-09-22,4.959360093,4.704448984,4.47383874,4.612204887,6389526,4.858572992,5.1918205935,7.926204223657077,
2016-09-23,4.612204887,4.610360005,4.384361965,4.519960789,6389526,3.759450804,4.662258634699999,7.935901552159073,
2016-09-26,4.519960789,4.748670805,4.515892824,4.655559613,6389526,3.30171466,4.5568584282,7.941742584458754,
2016-09-27,4.655559613,4.558723973,4.3352571110000016,4.4693372280000006,6389526,3.6302943770000016,4.651224140400001,7.951627813490727,
2016-09-28,4.4693372280000006,4.421962253,4.205199398,4.3352571110000016,6389526,3.8259320920000017,4.5208684709,7.954428829305034,
2016-09-29,4.3352571110000016,4.819938856,4.583667344,4.725430251000001,6389526,3.7111541290000014,4.448614185600001,8.294143068366457,
2016-09-30,4.725430251000001,4.434343748,4.216973956,4.347395831,6389526,4.838655615000001,4.603476720500001,8.313320685946563,
2016-10-03,4.347395831,4.478687185,4.2591436960000015,4.390869789,6389526,4.174830873,4.4494836206000015,8.321293814532345,
2016-10-04,4.390869789,4.747408416,4.514692318,4.6543219769999995,6389526,4.126179965,4.3865223932,8.329940599952176,
2016-10-05,4.6543219769999995,4.510037996,4.288957702,4.421605878,6389526,4.8393067259999984,4.518248487199999,8.345463331031251,
2016-10-06,4.421605878,4.915941415,4.674963895,4.8195504069999995,6389526,4.507954644999999,4.4111112644000015,8.353856031431317,
2016-10-07,4.8195504069999995,4.522666102,4.300966783,4.433986374,6389526,4.913670562999998,4.6175045336,8.372938431601263,
2016-10-10,4.433986374,4.613119424,4.3869861189999995,4.522666102,6389526,4.520576917,4.5086230814000015,8.380557159521148,
2016-10-11,4.522666102,4.520857036000001,4.299246397,4.43221278,6389526,4.654462414999999,4.485956161199999,8.390150835880714,
2016-10-12,4.43221278,4.972942739,4.729171036,4.875434058,6389526,4.210103583000001,4.432390139400002,8.396649083662883,
2016-10-13,4.875434058,4.77402503,4.540004195,4.680416696,6389526,5.329262237999999,4.6983229062000005,8.41517476126207,
2016-10-14,4.680416696,5.012726281,4.767004404,4.91443753,6389526,4.5412829850000005,4.6644607298,8.4276055685481,
2016-10-17,4.91443753,4.762089967,4.528654184,4.668715654,6389526,5.394888686,4.8871350994,8.446113417482287,
2016-10-18,4.668715654,5.000194465,4.7550868930000005,4.902151437,6389526,4.814765206000001,4.7681745086000005,8.457100297260496,
2016-10-19,4.902151437,5.000194465,4.7550868930000005,4.902151437,6389526,5.372090093999999,4.8837222959,8.474155817430828,
2016-10-20,4.902151437,4.750184742,4.517332549,4.657043865,6389526,4.9288688160000005,4.9033800463,8.490646764878381,
2016-10-21,4.657043865,4.702682895,4.472159223,4.610473426,6389526,4.633671034000001,4.7808262603,8.499660611081175,
2016-10-24,4.610473426,4.326468263,4.114386485,4.241635552,6389526,4.306509322000002,4.648955314899999,8.506845114858436,
2016-10-25,4.241635552,3.937086119,3.744091702,3.859888352,6389526,3.81455545,4.467595320299999,8.503090614489825,
2016-10-26,3.859888352,3.7008609519999998,3.5194462,3.6282950510000003,6389526,2.8176252670000004,4.0481800868,8.488025617027832,
2016-10-27,3.6282950510000003,3.515817905,3.34347389,3.4468802989999996,6389526,2.354438665000001,3.8710493862000006,8.46588567812893,
2016-10-28,3.4468802989999996,3.7970833369999997,3.610951801,3.722630722,6389526,2.236716732999999,3.6408233674,8.438068037546808,
2016-10-31,3.722630722,3.531287503,3.358185175,3.4620465719999998,6389526,2.8347880180000002,3.6623392662,8.41771604453541,
2016-11-01,3.4620465719999998,3.3547231280000003,3.190275916,3.288944243,6389526,2.682457592,3.5032132075999995,8.389381985247818,
2016-11-02,3.288944243,3.052798047,2.9031510839999997,2.992939261,6389526,2.718000134,3.3842435895999996,8.355559262042128,
2016-11-03,2.992939261,3.235965929,3.077340149,3.1725156169999997,6389526,2.357583471,3.0817407556,8.312617219560416,
2016-11-04,3.1725156169999997,3.268325589,3.10811355,3.204240773,6389526,2.898150935,3.1482432083999994,8.274466827156681,
2016-11-07,3.204240773,3.202959077,3.0459512789999996,3.1401559580000002,6389526,2.685850824,3.1852359375999995,8.23680975839271,
2016-11-08,3.1401559580000002,3.106870305,2.9545727410000002,3.0459512789999996,6389526,2.8182653440000007,3.1529729210000004,8.196826128251297,
2016-11-09,3.0459512789999996,3.417557335,3.250030015,3.350546407,6389526,2.802958315,3.1088825679000003,8.153616995496257,
2016-11-10,3.350546407,3.144152748,2.9900276139999997,3.0825026939999995,6389526,3.708153553,3.2265102467,8.119122985412163,
2016-11-11,3.0825026939999995,2.892620528,2.750825405,2.8359024789999996,6389526,2.9924897710000002,3.1592606664,8.076205067076355,
2016-11-14,2.8359024789999996,3.00832535,2.860858421,2.9493385780000003,6389526,2.467564184999999,3.0070118377999995,8.025466068869674,
2016-11-15,2.9493385780000003,2.797742575,2.660598331,2.742884878,6389526,2.7585211980000004,2.9914321625999998,7.977787706818143,
2016-11-16,2.742884878,2.8536974269999997,2.7138102980000003,2.797742575,6389526,2.439818477,2.8594281395999994,5.764903316029134,
2016-11-17,2.797742575,2.8822344010000003,2.7409484010000003,2.825720001,6389526,2.244938743,2.8074164056000006,4.616324294294574,
2016-11-18,2.825720001,2.968701433,2.823176853,2.9104916010000004,6389526,2.5689373080000006,2.818607376,6.085698842518675,
2016-11-21,2.9104916010000004,3.117136505,2.964335696,3.0560161810000004,6389526,2.985080723000001,2.8918264935000004,4.329919571003686,
2016-11-22,3.0560161810000004,2.898936949,2.756832197,2.842095048,6389526,3.1626937840000005,2.997806349,5.5991390979661535,
2016-11-23,2.842095048,2.696011363,2.5638539430000002,2.643148395,6389526,2.941305218,2.8985585852000018,4.640596555615037,
2016-11-24,2.643148395,2.480330454,2.3587456280000003,2.4316965230000003,6389526,2.488554215,2.7242245042000004,5.637534145991994,
2016-11-25,2.4316965230000003,2.40592054,2.287983259,2.3587456280000003,6389526,2.0376730450000005,2.5361719371,5.667607303241249,
2016-11-28,2.3587456280000003,2.40592054,2.287983259,2.3587456280000003,6389526,1.8069996550000005,2.4428159362,4.40591856774229,
2016-11-29,2.3587456280000003,2.381861335,2.265103426,2.335158171,6389526,1.6614750750000002,2.387185904700001,5.909014155685759,
2016-11-30,2.335158171,2.358042721,2.2424523919999997,2.31180659,6389526,1.828221294,2.3706746848,4.553992016072856,
2016-12-01,2.31180659,2.122238449,2.018207153,2.080625931,6389526,1.9804647850000008,2.3496110867,5.4232349666275725,
2016-12-02,2.080625931,1.931236989,1.8365685090000001,1.893369597,6389526,1.729555339,2.1985514186,5.549664361145839,
2016-12-05,1.893369597,1.989174099,1.891665564,1.950170685,6389526,1.4279935659999996,2.0399614864,3.3778575754982723,
2016-12-06,1.950170685,2.1880915080000003,2.080832121,2.145187753,6389526,1.5415957419999995,1.9773092159999999,6.091186898354295,
2016-12-07,2.145187753,2.122448763,2.018407157,2.080832121,6389526,1.9552173350000004,2.1446830880000003,5.684965734215102,
2016-12-08,2.080832121,2.143673251,2.038591229,2.101640442,6389526,1.849857652,2.0937032474,5.837463377748192,
2016-12-09,2.101640442,2.057926321,1.9570475790000001,2.017574824,6389526,2.122654953,2.1103499042000005,6.316134928386867,
2016-12-12,2.017574824,2.263718953,2.152752337,2.2193323069999997,6389526,2.141780051,2.0723689259,5.990681113879666,
2016-12-13,2.2193323069999997,2.059984247,1.9590046269999999,2.019592399,6389526,2.488493929,2.1873873722,6.065611446921736,
2016-12-14,2.019592399,2.1835833019999997,2.076544905,2.140767943,6389526,1.893997045,2.0595403806,5.802710022915387,
2016-12-15,2.140767943,2.3145982999999997,2.201137599,2.26921402,6389526,2.2007037650000005,2.1165328342,5.040678346776241,
2016-12-16,2.26921402,2.245160351,2.135103471,2.201137599,6389526,2.4367875980000004,2.1921463738,5.221635427365982,
2016-12-19,2.201137599,2.087999126,1.985646228,2.0470579669999998,6389526,2.384700374,2.2019082755,5.563627813850272,
2016-12-20,2.0470579669999998,2.192399083,2.084928539,2.149410865,6389526,1.8747836269999998,2.1086898198,5.655445762843863,
2016-12-21,2.149410865,2.236247064,2.12662711,2.192399083,6389526,2.279229331,2.1444583056,5.665642542272264,
2016-12-22,2.192399083,2.169159652,2.062828297,2.12662711,6389526,2.244030223,2.151308246,5.660049986644178,
2016-12-23,2.12662711,2.104084863,2.000943448,2.062828297,6389526,1.9840402,2.1406801631,5.510077383777291,
2016-12-28,2.062828297,2.104084863,2.000943448,2.062828297,6389526,1.924518995,2.1063050651,5.457001920829346,
2016-12-29,2.062828297,2.040962317,1.940915145,2.000943448,6389526,2.078598627,2.0949250194999998,5.694530412678037,
2016-12-30,2.000943448,1.836866085,1.74682363,1.8008491030000002,6389526,1.852476031,2.0320772689000006,5.109027343069469,
2017-01-03,1.8008491030000002,1.7450227809999999,1.659482449,1.7108066480000002,6389526,1.4092991230000005,1.8008491030000005,5.841322905647941,
2017-01-04,1.7108066480000002,1.797373464,1.7092669219999999,1.762130847,6389526,1.2949861860000005,1.7288151390000004,5.781643793434907,
2017-01-05,1.762130847,1.8872421380000002,1.7947302680000001,1.85023739,6389526,1.461433397,1.7493448186000002,5.4301249793535575,
2017-01-06,1.85023739,2.05709393,1.9562559919999998,2.016758755,6389526,1.6376464830000002,1.7995975131000002,5.787867636788378,
2017-01-09,2.016758755,2.180519566,2.073631352,2.13776428,6389526,2.032574062,1.983454482,4.906802921405625,
2017-01-10,2.13776428,2.245935153,2.1358402919999997,2.201897209,6389526,2.4746794569999997,2.1256637275,5.652118402258111,
2017-01-11,2.201897209,2.156097747,2.050406681,2.11382132,6389526,2.69298777,2.1634174515999995,6.077561195515201,
2017-01-12,2.11382132,2.371707521,2.255447349,2.325203452,6389526,2.465511793,2.1298117968999994,5.80648079346802,
2017-01-13,2.325203452,2.5614441230000002,2.435883137,2.511219729,6389526,2.800169514,2.2829270256,4.926236595776317,
2017-01-16,2.511219729,2.587058564,2.460241968,2.536331926,6389526,3.005680703,2.4740164736000003,5.812154849889459,
2017-01-17,2.536331926,2.405964465,2.28802503,2.358788691,6389526,2.934899572,2.5127078589,4.6718225044500725,
2017-01-18,2.358788691,2.622501267,2.4939472830000002,2.5710796730000003,6389526,2.515680173,2.3942973380000003,5.184404325702973,
2017-01-19,2.5710796730000003,2.7798513430000003,2.64358412,2.7253444539999996,6389526,3.0283380260000015,2.4614594073000005,4.824232536631719,
2017-01-20,2.7253444539999996,2.501866208,2.3792257080000003,2.452810008,6389526,3.1254854559999994,2.5536718127,4.767168461407374,
2017-01-23,2.452810008,2.576922195,2.450602479,2.526394308,6389526,2.3944002870000003,2.4730861557,4.350448825006967,
2017-01-24,2.526394308,2.628460639,2.499614529,2.576922195,6389526,2.51645669,2.4875584563000004,6.088403976182221,
2017-01-25,2.576922195,2.4444683940000003,2.324641512,2.396537641,6389526,2.7950556989999997,2.5594581875999998,5.87960153570696,
2017-01-27,2.396537641,2.591136497,2.464120003,2.540329899,6389526,2.221995609,2.4867299180000004,3.832599626304849,
2017-01-30,2.540329899,2.487491038,2.365555202,2.438716704,6389526,2.3553153440000005,2.5439891286000003,6.016232795914988,
2017-01-31,2.438716704,2.462616127,2.34189965,2.414329536,6389526,2.4246234,2.5033438506000003,5.794541489900977,
2017-02-01,2.414329536,2.290232998,2.177966675,2.245326469,6389526,2.302264764,2.4342457227000005,5.245374981015994,
2017-02-02,2.245326469,2.221526008,2.112627675,2.177966675,6389526,1.9137307430000003,2.3448667556000005,4.8929433436664675,
2017-02-03,2.177966675,2.221526008,2.112627675,2.177966675,6389526,1.959395709,2.1981746132,4.290631293733432,
2017-02-06,2.177966675,2.110449708,2.006996291,2.069068341,6389526,1.8156034509999999,2.177966675,4.691090741978617,
2017-02-07,2.069068341,1.983822725,1.886576513,1.9449242409999998,6389526,1.699419978,2.1017378412,5.078194990082431,
2017-02-08,1.9449242409999998,2.02349918,1.924308044,1.983822725,6389526,1.4755189459999998,2.0287759578,5.090230872021518,
2017-02-09,1.983822725,1.8616192459999998,1.7703634,1.825116907,6389526,1.722318981,1.9721531797999998,3.976981370719389,
2017-02-10,1.825116907,2.0291649780000003,1.929696106,1.9893774290000001,6389526,1.4722671390000002,1.8727286524000002,5.7514489024337125,
2017-02-13,1.9893774290000001,2.069748277,1.9682900280000002,2.0291649780000003,6389526,1.8007881830000003,1.9231177498,4.4631809943085,
2017-02-14,2.0291649780000003,2.152538208,2.047021629,2.1103315769999997,6389526,1.9892616150000009,1.9968239062000008,4.561826386492051,
2017-02-15,2.1103315769999997,2.324741265,2.21078336,2.2791581030000003,6389526,2.275738913,2.0536741078,3.7833543966628222,
2017-02-16,2.2791581030000003,2.440978328,2.321322528,2.3931160080000002,6389526,2.5744934810000006,2.1333001330000005,4.398221683404209,
2017-02-17,2.3931160080000002,2.3921587619999998,2.2748960769999997,2.345253688,6389526,2.9611151090000005,2.3567209050000004,4.2203867846209215,
2017-02-20,2.345253688,2.631374638,2.502385685,2.579779057,6389526,2.701129947,2.354826152,3.9536877519190754,
2017-02-21,2.579779057,2.605060891,2.4773618280000003,2.553981266,6389526,3.1303931360000004,2.4673026045,4.223881907304782,
2017-02-22,2.553981266,2.4487572380000002,2.328720118,2.40074239,6389526,2.9976309550000004,2.5013087828,5.236718642523602,
2017-02-23,2.40074239,2.326319376,2.212284113,2.280705271,6389526,2.5223266769999997,2.4228722039,3.8367068544684715,
2017-02-24,2.280705271,2.53568812,2.4113896830000003,2.485968745,6389526,2.168294534,2.3650823388999997,3.3973518239381115,
2017-02-27,2.485968745,2.637115645,2.50784527,2.585407495,6389526,2.626683802,2.4633746038000006,4.426081341856543,
2017-02-28,2.585407495,2.795342583,2.658315986,2.7405319439999998,6389526,2.591035933,2.55557587,4.815421143069028,
2017-03-01,2.7405319439999998,2.851249435,2.711482306,2.795342583,6389526,2.9270826219999995,2.6840507343000004,4.530313225295108,
2017-03-02,2.795342583,2.879761929,2.738597129,2.823296009,6389526,3.189942776,2.7324495626000003,3.938177984495376,
2017-03-03,2.823296009,3.167738122,3.0124568419999997,3.10562561,6389526,3.365886747,2.770215127,5.161129295456666,
2017-03-06,3.10562561,2.8826416910000003,2.7413357260000004,2.826119305,6389526,3.725282475,2.9279327405,3.6827544642693217,
2017-03-07,2.826119305,2.7385096069999997,2.60426894,2.68481334,6389526,3.0668311150000003,2.8783782345999995,5.163701682488919,
2017-03-08,2.68481334,2.957590375,2.812610455,2.899598407,6389526,2.629094736,2.754873430399999,4.303651083534386,
2017-03-09,2.899598407,2.957590375,2.812610455,2.899598407,6389526,3.003854231,2.8490111538,3.999140486991815,
2017-03-10,2.899598407,3.0167421830000003,2.868862664,2.957590375,6389526,2.975900805,2.899598407,4.099911114936631,
2017-03-13,2.957590375,2.8960724960000004,2.7541081569999997,2.83928676,6389526,2.80955514,2.9459919813999997,4.762418872555076,
2017-03-14,2.83928676,2.8091903210000004,2.671484913,2.7541081569999997,6389526,2.8524542149999994,2.8868401739,4.466002607682864,
2017-03-15,2.7541081569999997,2.7249146110000004,2.591340365,2.671484913,6389526,2.8234029739999995,2.7744563788,3.973769695102392,
2017-03-16,2.671484913,2.94290778,2.798647595,2.8852037060000004,6389526,2.443371419,2.7045342106,4.288744701733025,
2017-03-17,2.8852037060000004,2.9723368580000002,2.8266340710000004,2.914055743,6389526,2.870809005000001,2.7948689583000004,5.901668771630727,
2017-03-20,2.914055743,2.912890121,2.7701013889999997,2.8557746280000003,6389526,2.8705211110000004,2.8897986599999994,5.682987993537721,
2017-03-21,2.8557746280000003,2.621601108,2.49309125,2.570197165,6389526,2.8722624960000007,2.8606581024999995,4.46926138686658,
2017-03-22,2.570197165,2.359440998,2.243782125,2.313177449,6389526,2.3862861730000007,2.7289427828,5.777424945750469,
2017-03-23,2.313177449,2.5481962769999997,2.423284695,2.498231645,6389526,1.954869985,2.4832296028000003,4.215054417571379,
2017-03-24,2.498231645,2.420786464,2.30212046,2.373320062,6389526,2.111259584,2.4784696845000003,5.907416335213324,
2017-03-27,2.373320062,2.444994328,2.325141665,2.397053263,6389526,1.832584381,2.4345193126000004,5.756825315506856,
2017-03-28,2.397053263,2.469444271,2.348393082,2.421023796,6389526,1.938331898,2.3923066228,5.459076288211159,
2017-03-29,2.421023796,2.345972058,2.230973428,2.299972606,6389526,2.271850427,2.4090622627,5.800815481355072,
2017-03-30,2.299972606,2.205213734,2.0971150219999997,2.161974249,6389526,2.2867677630000003,2.3315175896,3.9817249181244834,
2017-03-31,2.161974249,2.315474421,2.201970773,2.270072962,6389526,1.825716853,2.2383081731,4.306218479095296,
2017-04-03,2.270072962,2.130236467,2.0258131109999997,2.088467125,6389526,2.166825862,2.2755677295,5.809801129059379,
2017-04-04,2.088467125,1.95981755,1.863748062,1.921389755,6389526,1.7798809870000003,2.1640994242000007,4.492706703357326,
2017-04-05,1.921389755,1.940219375,1.8451105819999998,1.9021758569999998,6389526,1.4217557140000001,1.9941163608,5.8733951164380835,
2017-04-06,1.9021758569999998,1.940219375,1.8451105819999998,1.9021758569999998,6389526,1.5043791079999995,1.9428083471000002,4.343547760007372,
2017-04-07,1.9021758569999998,1.979023762,1.8820127930000001,1.940219375,6389526,1.6423774649999996,1.9040972468,4.274164738503261,
2017-04-10,1.940219375,1.959233524,1.863192665,1.9208171809999999,6389526,1.6103657880000002,1.9326106713999998,4.302439155091781,
2017-04-11,1.9208171809999999,1.920048854,1.825928812,1.8824008369999998,6389526,1.7531672369999995,1.930518278,3.7336207024059935,
2017-04-12,1.8824008369999998,1.920048854,1.825928812,1.8824008369999998,6389526,1.843411919,1.897806179,4.510039387028653,
2017-04-13,1.8824008369999998,1.9392493430000002,1.8441881000000002,1.9012248459999999,6389526,1.8626258169999999,1.8824008369999998,3.398958441091748,
2017-04-18,1.9012248459999999,1.8228943819999999,1.733536814,1.787151355,6389526,1.900273835,1.8974600441999998,5.171516304200776,
2017-04-19,1.787151355,1.76820755,1.68153071,1.733536814,6389526,1.634083335,1.8404232987,3.3587080756584644,
2017-04-20,1.733536814,1.8919820790000001,1.799237859,1.854884391,6389526,1.5462564470000002,1.7926837309,3.659641356031506,
2017-04-21,1.854884391,2.062260466,1.9611692669999998,2.021823986,6389526,1.827367945,1.8163408598,3.4839845851993463,
2017-04-24,2.021823986,2.12412828,2.020004345,2.082478706,6389526,2.161247135,1.9929952687999999,3.944324981693733,
2017-04-26,2.082478706,2.27281726,2.161404649,2.228252215,6389526,2.263732566,2.0293881008000003,3.4412742344681324,
2017-04-27,2.228252215,2.204632742,2.096562509,2.161404649,6389526,2.669353075,2.1845201622999997,3.316450996306352,
2017-04-28,2.161404649,2.314864379,2.201390635,2.269474881,6389526,2.5892724840000003,2.1589889736,3.582730946617368,
2017-05-01,2.269474881,2.523202173,2.399515792,2.473727621,6389526,2.684065371,2.2507752635000005,3.3591621311532984,
2017-05-02,2.473727621,2.523202173,2.399515792,2.473727621,6389526,2.9256312560000004,2.4328770730000002,3.550363509154848,
2017-05-03,2.473727621,2.2708819559999998,2.159564213,2.226354859,6389526,2.8649765360000004,2.453302347,3.309479552763001,
2017-05-04,2.226354859,2.293590775,2.181159855,2.248618407,6389526,2.2244575030000004,2.374778516200001,3.824505424511977,
2017-05-05,2.248618407,2.224783052,2.115725059,2.181159855,6389526,2.335832165,2.2463920522,4.9632478197217855,
2017-05-08,2.181159855,2.0023047469999997,1.904152553,1.96304387,6389526,2.092844829000001,2.1946515654,4.007758986203583,
2017-05-09,1.96304387,1.842120367,1.7518203490000002,1.80600036,6389526,1.4523601189999995,2.0284786655,3.302753701604197,
2017-05-10,1.80600036,1.750014349,1.664229332,1.7157003419999999,6389526,1.138273099,1.959554014,3.1101547042244766,
2017-05-11,1.7157003419999999,1.85501521,1.764083092,1.8186423619999998,6389526,1.2050458249999996,1.7404346947999998,3.5500671655420035,
2017-05-12,1.8186423619999998,1.85501521,1.764083092,1.8186423619999998,6389526,1.3886663169999998,1.7877597559999998,3.343429325134964,
2017-05-15,1.8186423619999998,1.688063841,1.6053156130000001,1.65496455,6389526,1.4561248689999997,1.798053958,3.17539039856624,
2017-05-16,1.65496455,1.654302564,1.573209301,1.621865259,6389526,1.3468852300000005,1.736803456,3.3061790816193573,
2017-05-17,1.621865259,1.538501385,1.46308465,1.508334691,6389526,1.437730158,1.6351049754000002,4.98551280888875,
2017-05-18,1.508334691,1.538501385,1.46308465,1.508334691,6389526,1.30096904,1.5684099041,4.762238385709294,
2017-05-19,1.508334691,1.507731357,1.4338229569999998,1.478167997,6389526,1.19802702,1.5457037905000002,3.95497568051875,
2017-05-22,1.478167997,1.447422103,1.376470039,1.4190412769999998,6389526,1.137693632,1.5306204435,3.2783218147263,
2017-05-23,1.4190412769999998,1.5053189869999999,1.43152884,1.475802928,6389526,1.1831180039999996,1.4836706879,3.6488589684640793,
2017-05-24,1.475802928,1.445106227,1.374267687,1.416770811,6389526,1.329740597,1.4679402810000002,4.820999385240508,
2017-05-25,1.416770811,1.315046667,1.250583595,1.289261438,6389526,1.3252069309999999,1.4231281158999995,4.444873429809399,
2017-05-26,1.289261438,1.3018962,1.238077759,1.276368824,6389526,1.070188185,1.3147633126,3.6271672350903046,
2017-05-29,1.276368824,1.23680139,1.176173871,1.212550382,6389526,1.074569651,1.2815258696000005,3.8975618058858217,
2017-05-30,1.212550382,1.3233774870000001,1.258506042,1.297428909,6389526,1.0060594870000004,1.2674729198,3.0202940483355256,
2017-05-31,1.297428909,1.363078812,1.296261223,1.336351777,6389526,1.11905489,1.2911108835000005,3.995856138420028,
2017-06-01,1.336351777,1.444863541,1.3740368969999999,1.4165328830000001,6389526,1.255932743,1.3246749166,3.2856516791979478,
2017-06-02,1.4165328830000001,1.3437230930000001,1.277854314,1.3173755809999999,6389526,1.5438043280000002,1.3725500432000004,3.217813138571618,
2017-06-05,1.3173755809999999,1.236225245,1.1756259690000002,1.211985535,6389526,1.3583823379999995,1.3410022806000002,3.7794121042187454,
2017-06-06,1.211985535,1.174413983,1.11684467,1.151386258,6389526,1.2114206879999998,1.2758706333999998,4.055495982690665,
2017-06-07,1.151386258,1.103949144,1.04983399,1.082303083,6389526,1.0053436070000001,1.2225953661000002,3.276218121117479,
2017-06-08,1.082303083,1.1149886359999999,1.06033233,1.093126113,6389526,0.828254389,1.1356026257,4.8301553281470735,
2017-06-09,1.093126113,1.092688863,1.039125683,1.071263591,6389526,0.769719343,1.1341058232,3.425999518110411,
2017-06-13,1.071263591,1.125469529,1.0702994540000001,1.103401499,6389526,0.825151601,1.0853357854,4.887869661425139,
2017-06-14,1.103401499,1.024177271,0.9739725029999999,1.004095364,6389526,0.9948174630000002,1.1046185302,4.6628975952232015,
2017-06-15,1.004095364,1.09586968,1.042150578,1.074382039,6389526,0.8568044700000002,1.0406040272,3.6742166841446617,
2017-06-16,1.074382039,1.150663164,1.094258107,1.128101141,6389526,1.066460995,1.0670415266999995,3.06076397923697,
2017-06-19,1.128101141,1.139156533,1.083315526,1.11682013,6389526,1.1630761689999998,1.0995848327,3.0787590268508045,
2017-06-20,1.11682013,1.184722794,1.126648147,1.161492935,6389526,1.1623766690000001,1.1024319454,3.2022357250956945,
2017-06-21,1.161492935,1.291347845,1.22804648,1.266027299,6389526,1.2195843709999998,1.1483145649000002,2.9835515153572856,
2017-06-22,1.266027299,1.25260741,1.1912050859999999,1.22804648,6389526,1.527959234,1.2301997093000003,3.0140084113281698,
2017-06-23,1.22804648,1.139872743,1.083996628,1.117522297,6389526,1.3817109209999998,1.22804648,2.9336966123809014,
2017-06-26,1.117522297,1.185467653,1.127356493,1.162223189,6389526,1.1069434530000002,1.1727843885,2.9539169270012198,
2017-06-27,1.162223189,1.292159742,1.228818578,1.266823276,6389526,1.2076262480000002,1.1688055181000003,3.0640985931548337,
2017-06-28,1.266823276,1.356767729,1.290259507,1.33016444,6389526,1.372153617,1.242025579,4.445440101629164,
2017-06-29,1.33016444,1.478876824,1.4063828619999998,1.4498792390000002,6389526,1.3943015809999997,1.2880338493000003,2.7831140021260334,
2017-06-30,1.4498792390000002,1.6267645069999999,1.547021148,1.5948671630000002,6389526,1.6717119980000004,1.4076306828999998,2.589227270380389,
2017-07-03,1.5948671630000002,1.594229216,1.516080725,1.56296982,6389526,2.072212029,1.5393993059,3.33101095931481,
2017-07-04,1.56296982,1.434806295,1.3644726530000002,1.4066728380000002,6389526,1.963716451,1.5347596924999998,3.038227101503181,
2017-07-05,1.4066728380000002,1.4491543580000001,1.378117379,1.420739566,6389526,1.5465224000000004,1.4534214672,2.7656875190048065,
2017-07-06,1.420739566,1.3911881830000001,1.3229926840000001,1.363909984,6389526,1.5113146919999998,1.4102753806,2.552836020990316,
2017-07-07,1.363909984,1.51639512,1.4420620259999999,1.486661882,6389526,1.2779407289999998,1.4022840185999998,3.1242046157960752,
2017-07-10,1.486661882,1.6225427780000001,1.5430063680000001,1.590728214,6389526,1.3784566009999997,1.461202229,4.386700940633289,
2017-07-11,1.590728214,1.784797056,1.697307004,1.749801036,6389526,1.6184866080000002,1.5529160828,2.6987874530737765,
2017-07-12,1.749801036,1.89188488,1.799145425,1.8547890980000001,6389526,2.092929234,1.7075798384000005,3.029635452468323,
2017-07-13,1.8547890980000001,1.948641426,1.8531197869999998,1.910432771,6389526,2.2888386300000003,1.8074775702,4.4296758332042625,
2017-07-14,1.910432771,2.10453274,2.00136937,2.0632673919999998,6389526,2.456955558,1.8569269475000003,4.57397098125241,
2017-07-17,2.0632673919999998,2.2097593769999997,2.101437839,2.166430762,6389526,2.639872902,1.9486277201,4.4489531406663865,
2017-07-18,2.166430762,2.231856971,2.1224522169999998,2.188095069,6389526,2.74213331,2.1457980880000003,4.59009953304349,
2017-07-19,2.188095069,2.455042668,2.334697439,2.406904576,6389526,2.626389102,2.1522973801000003,2.6662460861174484,
2017-07-20,2.406904576,2.700546935,2.568167183,2.647595034,6389526,2.959020054,2.3369288625,4.652107055679228,
2017-07-21,2.647595034,2.9435961589999997,2.79930223,2.8858785869999997,6389526,3.384757297,2.5513188508,3.1209959025838847,
2017-07-24,2.8858785869999997,3.090775967,2.9392673410000003,3.0301725160000004,6389526,3.708489782,2.7903244753000003,2.7330076554070466,
2017-07-25,3.0301725160000004,3.1834992460000002,3.0274453610000003,3.121077692,6389526,3.8939142700000007,2.9774853749,2.715707781974693,
2017-07-26,3.121077692,3.2790042230000003,3.118268722,3.2147100230000003,6389526,4.054060315,2.9956664101,3.0358691144913665,
2017-07-27,3.2147100230000003,3.2790042230000003,3.118268722,3.2147100230000003,6389526,4.02251547,3.1778025216000017,2.708902349435365,
2017-07-28,3.2147100230000003,3.246214181,3.087086035,3.182562922,6389526,3.781825012000002,3.214710023000001,2.442744741458915,
2017-07-31,3.182562922,2.921592763,2.7783774310000005,2.86430663,6389526,3.479247257,3.1986364725,2.7090175598988204,
2017-08-01,2.86430663,2.687865342,2.556107237,2.6351621,6389526,2.698440744,2.9629982277000004,2.668925811730253,
2017-08-02,2.6351621,2.7685013019999998,2.6327904540000002,2.714216963,6389526,2.149246508,2.7586455412,3.0504572134941594,
2017-08-03,2.714216963,2.989981406,2.84341369,2.93135432,6389526,2.213723903,2.6905005041,2.901409959101324,
2017-08-04,2.93135432,2.780682708,2.6443747319999997,2.7261595169999997,6389526,2.647998617,2.8504021403000004,2.941345980857432,
2017-08-07,2.7261595169999997,3.0587509789999996,2.908812205,2.998775469,6389526,2.269756112,2.7774239607999998,2.557269163996937,
2017-08-08,2.998775469,3.334038567,3.170605304,3.268665261,6389526,3.133244308,2.9307680488,2.6100929249175,
2017-08-09,3.268665261,3.100655867,2.948662932,3.0398586930000002,6389526,3.902168422,3.1876983234000003,3.100367141633812,
2017-08-10,3.0398586930000002,2.79059028,2.653796639,2.735872824,6389526,3.3655004230000003,3.0357503706,3.708684893666284,
2017-08-11,2.735872824,3.041743406,2.8926383369999997,2.9821013780000003,6389526,2.540391328,2.7966699978000005,3.0631223768654,
2017-08-14,2.9821013780000003,3.102578274,2.950491103,3.041743406,6389526,3.2380432390000013,2.8836099564,2.831341403903295,
2017-08-15,3.041743406,2.8233462289999998,2.684946904,2.7679864989999996,6389526,3.0847113430000004,3.0298150004000006,2.622383621314901,
2017-08-16,2.7679864989999996,3.020980465,2.872893187,2.9617455539999997,6389526,2.267307736999999,2.871525059,2.4920159342145407,
2017-08-17,2.9617455539999997,3.172029488,3.016537847,3.109832832,6389526,2.8836324149999992,2.9136532051,2.678373336131396,
2017-08-18,3.109832832,3.330630963,3.167364739,3.265324473,6389526,3.48379284,3.0460307431,2.540715572717464,
2017-08-21,3.265324473,2.9975678660000002,2.850628265,2.9387920260000002,6389526,3.548547568,3.2342261448,2.453668258402582,
2017-08-22,2.9387920260000002,2.847689473,2.7080968519999997,2.791852425,6389526,2.8358406460000003,3.0694050048000014,3.021450649287228,
2017-08-23,2.791852425,2.591397421,2.464368135,2.540585706,6389526,2.8157183510000015,3.0253231245000007,2.5195862046067137,
2017-08-24,2.540585706,2.487741524,2.36579341,2.438962278,6389526,2.119425858,2.8703018448,2.42228623850327,
2017-08-25,2.438962278,2.313599617,2.200187871,2.268234919,6389526,1.768091724,2.5215984975,2.559967053953373,
2017-08-28,2.268234919,2.47555159,2.354201022,2.427011363,6389526,1.2711453650000002,2.3535985985,3.1390165225564535,
2017-08-29,2.427011363,2.47555159,2.354201022,2.427011363,6389526,1.9152307,2.3976462571999995,2.4386517561466183,
2017-08-30,2.427011363,2.673595717,2.542537104,2.621172272,6389526,2.062170301,2.4111337185999995,2.5799089416955647,
2017-08-31,2.621172272,2.7805395460000004,2.6442385880000003,2.726019163,6389526,2.701758838,2.5240918175,2.5860843830640112,
2017-09-01,2.726019163,2.836150337,2.69712336,2.7805395460000004,6389526,3.0130760480000003,2.6856336939,2.3863103419952316,
2017-09-04,2.7805395460000004,2.69434282,2.5622671919999997,2.641512569,6389526,3.2928441730000007,2.7641834311,0.6477676325532362,
2017-09-05,2.641512569,2.667399392,2.53664452,2.6150974430000002,6389526,2.856013775,2.6777686238,5.108641515232062,
2017-09-06,2.6150974430000002,2.747421374,2.612743855,2.693550366,6389526,2.8031835230000004,2.6341141528,2.7632453652903344,
2017-09-07,2.693550366,2.50015345,2.377596908,2.451130833,6389526,2.7659284600000005,2.6759028814,4.727681559787067,
2017-09-08,2.451130833,2.325142709,2.211165125,2.279551675,6389526,2.176242503,2.4996147396000006,4.130102476477411,
2017-09-11,2.279551675,2.39489699,2.277500079,2.347938225,6389526,1.7785638039999996,2.3724252915000004,3.894758434101528,
2017-09-12,2.347938225,2.37094802,2.2547250780000003,2.324458843,6389526,2.054363881,2.3445801758,2.2243981678206257,
2017-09-13,2.324458843,2.489495421,2.367461332,2.440681785,6389526,2.033820243,2.3291547193999995,3.8916610591337446,
2017-09-14,2.440681785,2.290335787,2.178064425,2.245427242,6389526,2.1878132040000002,2.440681785,4.1281534544032255,
2017-09-15,2.245427242,2.2445290719999997,2.134503137,2.200518698,6389526,2.039723651,2.2844781506,3.202136098279314,
2017-09-18,2.200518698,2.446536688,2.3266084190000003,2.39856538,6389526,2.1214857210000004,2.2184821156,2.5992105936435963,
2017-09-19,2.39856538,2.446536688,2.3266084190000003,2.39856538,6389526,2.449192535,2.3589560436,3.8666025890955855,
2017-09-20,2.39856538,2.617794256,2.489471008,2.566464957,6389526,2.472671917,2.3985653800000004,3.3315019814789206,
2017-09-21,2.566464957,2.408370716,2.2903133280000003,2.36114776,6389526,2.6922481289999998,2.5160950839000007,3.2289249524773047,
2017-09-22,2.36114776,2.263868473,2.152894528,2.219478895,6389526,2.4768682780000004,2.4059529614000006,4.142905884733451,
2017-09-25,2.219478895,2.173313734,2.066778747,2.130699739,6389526,2.2384390919999997,2.2336457815000004,5.370837212920763,
2017-09-26,2.130699739,2.129847459,2.0254431719999997,2.0880857440000002,6389526,1.8628340980000004,2.1395776546000005,4.043257337923755,
2017-09-27,2.0880857440000002,2.342832205,2.227987489,2.296894319,6389526,1.7776061080000003,2.1225320566000003,2.7127100885203137,
2017-09-28,2.296894319,2.413117171,2.2948271140000003,2.365801148,6389526,2.0273236810000004,2.2891527766,2.2738223848437085,
2017-09-29,2.365801148,2.509641858,2.386620198,2.460433194,6389526,2.370454536,2.3520197822,2.3427678904020044,
2017-10-02,2.460433194,2.7104132069999998,2.577549814,2.65726785,6389526,2.7013874930000004,2.413117171,2.088611326541102,
2017-10-03,2.65726785,2.791725603,2.654876309,2.736985885,6389526,3.183835961,2.6179009188,3.8952131459425496,
2017-10-04,2.736985885,3.0708981630000003,2.92036394,3.0106844739999996,6389526,3.385886026,2.721042278,3.8801133931682235,
2017-10-05,3.0106844739999996,2.886644273,2.745142103,2.830043405,6389526,3.724474628999999,2.8738351794999994,4.280402953358255,
2017-10-06,2.830043405,3.175308701,3.019656313,3.1130477460000003,6389526,3.294285662,2.8294960079000004,4.171962109067962,
2017-10-09,3.1130477460000003,2.9530370919999998,2.808280372,2.8951344039999998,6389526,3.7656622980000014,3.1130477460000003,4.284611264094842,
2017-10-10,2.8951344039999998,3.130219317,2.976777194,3.068842468,6389526,3.1330009580000002,2.9605084066000003,2.8798955555329084,
2017-10-11,3.068842468,3.224125897,3.06608051,3.160907742,6389526,3.400699051,3.0429419108,3.942757613024654,
2017-10-12,3.160907742,3.224125897,3.06608051,3.160907742,6389526,3.3111310100000004,3.1237161606,3.3259698786707146,
2017-10-13,3.160907742,3.12740212,2.974098094,3.06608051,6389526,3.491772079,3.1424946872,3.981882241848867,
2017-10-16,3.06608051,3.002306035,2.8551341710000004,2.943437289,6389526,3.0191132739999995,3.0853221521999994,3.890190460789073,
2017-10-17,2.943437289,3.092375216,2.940788196,3.031740408,6389526,2.991740174,3.0047588994999987,3.460847907283407,
2017-10-18,3.031740408,3.246993977,3.087827605,3.183327428,6389526,2.994638348,3.0175137944,2.7635637622718567,
2017-10-19,3.183327428,3.149584158,2.9951927769999998,3.087827605,6389526,3.205747114,3.153010024,3.4488026268452456,
2017-10-20,3.087827605,2.834625742,2.6956735000000003,2.779044845,6389526,3.0147474680000004,3.116477551900001,2.4199394861839085,
2017-10-23,2.779044845,2.834625742,2.6956735000000003,2.779044845,6389526,2.49200918,2.9216579136000003,3.0452714641383767,
2017-10-24,2.779044845,3.0047032860000003,2.85741391,2.945787536,6389526,2.6146524010000003,2.8099231210000006,3.6781368054582853,
2017-10-25,2.945787536,2.914562188,2.771691492,2.85741391,6389526,2.859834664,2.9124389978000007,2.076408353920764,
2017-10-26,2.85741391,2.6522515909999997,2.522239258,2.600246658,6389526,2.531500392,2.9026011791000004,3.5715342775370105,
2017-10-27,2.600246658,2.864431718,2.7240183989999998,2.80826639,6389526,2.112665711,2.7296256466,3.557229306466136,
2017-10-30,2.80826639,3.064941938,2.914699686,3.004845038,6389526,2.837487935,2.7229233906,4.252778398294884,
2017-10-31,3.004845038,3.0036431,2.856405693,2.944748137,6389526,3.2306452310000005,2.898361747,3.2318267374002523,
2017-11-01,2.944748137,2.70327879,2.570765123,2.650273323,6389526,2.943708738,2.9224213092,3.0061427031892283,
2017-11-02,2.650273323,2.8654755169999997,2.725011031,2.809289723,6389526,2.443132736,2.7386157672,3.5235440789141586,
2017-11-03,2.809289723,3.1520230689999997,2.997512134,3.090218695,6389526,3.018332788,2.7751306444,3.775117909964639,
2017-11-06,3.090218695,3.341144453,3.177362862,3.275631817,6389526,3.372171,2.9741367234,3.6010823801855367,
2017-11-07,3.275631817,3.007030008,2.859626576,2.948068635,6389526,3.546418596,3.2570905048000003,4.377557918101835,
2017-11-08,2.948068635,3.1573815080000003,3.002607905,3.0954720669999998,6389526,2.951389133,3.0790939078,3.5601678307566322,
2017-11-09,3.0954720669999998,2.873217172,2.732373193,2.8168795810000002,6389526,3.540670811,3.0545266691999995,4.208720397501284,
2017-11-10,2.8168795810000002,2.8157528289999996,2.677725729,2.7605419889999996,6389526,2.8244694390000005,2.9856892666,2.6146520116026277,
2017-11-13,2.7605419889999996,2.6468076590000003,2.517062186,2.59490947,6389526,2.430865283,2.7961959312,2.3468746268726948,
2017-11-14,2.59490947,2.4615311230000003,2.340867833,2.4132658069999997,6389526,1.9141871230000005,2.6667962368,2.9769540169653026,
2017-11-15,2.4132658069999997,2.4615311230000003,2.340867833,2.4132658069999997,6389526,1.878462979,2.4717915506999995,2.928521401323793,
2017-11-16,2.4132658069999997,2.2399933219999997,2.130189728,2.196071884,6389526,1.7310595469999996,2.4536271844,4.026146810120123,
2017-11-17,2.196071884,2.463992654,2.3432087000000004,2.415679073,6389526,1.575264187,2.3667496151999994,3.4724370208855824,
2017-11-20,2.415679073,2.266873242,2.155752004,2.222424747,6389526,2.0708161570000008,2.371274982,3.676211001833389,
2017-11-21,2.222424747,2.198867044,2.091079444,2.155752004,6389526,1.849940024,2.3188105834,3.5822051859222057,
2017-11-22,2.155752004,1.97898034,1.8819715,1.940176804,6389526,1.8982382010000003,2.2144046921,2.4118321526450317,
2017-11-23,1.940176804,1.840451716,1.750233495,1.8043644280000002,6389526,1.4670878010000004,2.0375093452,4.088025709237467,
2017-11-24,1.8043644280000002,1.877260751,1.785238165,1.840451716,6389526,1.4126569720000002,1.8802468984,3.976364755081089,
2017-11-27,1.840451716,1.783397713,1.6959762569999999,1.74842913,6389526,1.265224359,1.874736796,3.2509349179835856,
2017-11-28,1.74842913,1.6585598730000002,1.577257919,1.626039091,6389526,1.2744335130000004,1.7668336472,2.5668408025944283,
2017-11-29,1.626039091,1.807830262,1.719211131,1.772382609,6389526,1.096326178,1.6719583613000002,3.9046500468998855,
2017-11-30,1.772382609,1.645125538,1.5644821290000002,1.612868175,6389526,1.6045884140000002,1.7260842057,3.1567368311954818,
2017-12-01,1.612868175,1.612223027,1.5331924869999998,1.580610811,6389526,1.4213719219999998,1.6620395968000001,3.566565397294132,
2017-12-04,1.580610811,1.7573231,1.671179811,1.7228657840000001,6389526,1.3207699059999998,1.6030137271999998,2.639508074959323,
2017-12-05,1.7228657840000001,1.6343104830000001,1.5541972240000002,1.602265179,6389526,1.6973024380000001,1.688366711,2.5211824643081826,
2017-12-06,1.602265179,1.552594959,1.4764873630000002,1.52215192,6389526,1.578491267,1.66424659,2.9465730912511328,
2017-12-07,1.52215192,1.6302247069999998,1.5503117309999999,1.598259516,6389526,1.2719212309999999,1.6160924913000003,3.75134161259866,
2017-12-08,1.598259516,1.646526954,1.565814848,1.614242111,6389526,1.5836508569999999,1.6003484908000003,3.9170830930280216,
2017-12-11,1.614242111,1.728853301,1.644105591,1.6949542169999998,6389526,1.6478734110000002,1.625159567,3.512968908079217,
2017-12-12,1.6949542169999998,1.8498730319999999,1.7591929819999998,1.813601012,6389526,1.6670426499999995,1.6643227227999997,3.4502723996136897,
2017-12-13,1.813601012,1.757379381,1.6712333330000002,1.722920962,6389526,2.024936845,1.8017363325,3.694659756461668,
2017-12-14,1.722920962,1.599215237,1.5208223330000001,1.567858075,6389526,1.923690004,1.7501249769999998,3.4643357558700214,
2017-12-15,1.567858075,1.631199541,1.551238779,1.599215237,6389526,1.537456634,1.6298832298,2.0885554034903167,
2017-12-18,1.599215237,1.56595156,1.489189228,1.5352466269999998,6389526,1.5841883629999998,1.6053143770999998,3.800101527052747,
2017-12-19,1.5352466269999998,1.6129301059999999,1.533864905,1.581304026,6389526,1.3755390369999998,1.5513014937999996,2.783846107375711,
2017-12-20,1.581304026,1.564542203,1.487848958,1.533864905,6389526,1.34900704,1.5692779273999995,2.284653462603547,
2017-12-21,1.533864905,1.720996424,1.636633854,1.687251396,6389526,1.3448088480000002,1.5500259345999998,3.1781835619100565,
2017-12-22,1.687251396,1.566106745,1.489336807,1.53539877,6389526,1.806644717,1.676656659,2.7643885186486505,
2017-12-27,1.53539877,1.5504456780000002,1.474443439,1.5200447819999998,6389526,1.4715823030000001,1.5961398204,3.907508732856471,
2017-12-28,1.5200447819999998,1.7054902459999999,1.621887783,1.672049261,6389526,1.5048429369999998,1.5413716398,2.202478654091753,
2017-12-29,1.672049261,1.87603927,1.784076561,1.8392541869999999,6389526,1.762794496,1.5717725356,3.306008170746811,
2018-01-02,1.8392541869999999,1.87603927,1.784076561,1.8392541869999999,6389526,2.144643469,1.6827202821,3.114449568516953,
2018-01-03,1.8392541869999999,1.838518485,1.74839503,1.8024691030000002,6389526,1.991256978,1.7769477048,3.4429549344641583,
2018-01-04,1.8024691030000002,1.9304444090000001,1.8358147809999998,1.892592558,6389526,2.0695394360000003,1.8098261197999999,2.5575384472360043,
2018-01-05,1.892592558,1.9497488530000002,1.854172929,1.9115184840000001,6389526,2.2651403340000003,1.8782463754000005,3.052822369660814,
2018-01-08,1.9115184840000001,1.98874383,1.8912563880000002,1.9497488530000002,6389526,2.1509877070000005,1.9077332988,3.3928785117245024,
2018-01-09,1.9497488530000002,1.889306639,1.796693568,1.852261411,6389526,2.0602435190000006,1.9344567054,3.3151520632057183,
2018-01-10,1.852261411,1.7948413069999998,1.70685889,1.75964834,6389526,1.865268635,1.9128565466,2.670904671141084,
2018-01-11,1.75964834,1.81278972,1.723927479,1.777244824,6389526,1.7168275769999999,1.8470525227000003,2.229736851978613,
2018-01-12,1.777244824,1.776533926,1.689448929,1.741699927,6389526,1.66189709,1.7889125416000002,3.0205345632610965,
2018-01-15,1.741699927,1.652176551,1.571187504,1.6197809319999998,6389526,1.5718813699999998,1.7541582374,3.229608218812713,
2018-01-16,1.6197809319999998,1.635654785,1.555475629,1.6035831230000002,6389526,1.2898130109999997,1.6878494088999998,3.3225341375589297,
2018-01-17,1.6035831230000002,1.668367881,1.586585142,1.635654785,6389526,1.3549048350000004,1.6222541461000002,3.7711168861932025,
2018-01-18,1.635654785,1.551582129,1.4755241819999998,1.52115895,6389526,1.51166123,1.626065682,2.0792129255380565,
2018-01-19,1.52115895,1.520550487,1.446013698,1.490735771,6389526,1.265073076,1.5637825134,3.552267452499516,
2018-01-22,1.490735771,1.383700943,1.315872465,1.3565695519999998,6389526,1.239771615,1.5082699903,4.016354157697286,
2018-01-23,1.3565695519999998,1.439048981,1.368507364,1.410832334,6389526,1.093358172,1.3699861738999999,2.5965687522799947,
